305,1
10,1
154,1
7,1
39,1
2,1
47,1
69,1
43,1
6,1
320,1
67,1
13,1
17,1
11,1
18,1
244,1
168,1
132,1
273,-1
26,1
18,1
12,1
28,1
142,1
14,1
319,-1
5,1
44,-1
12,1
4,1
65,-1
6,1
38,1
253,1
27,1
12,1
220,-1
45,1
75,-1
132,1
108,1
81,-1
22,-1
146,1
5,1
38,-1
112,-1
83,1
98,-1
5,1
16,1
90,1
4,1
5,1
172,1
21,1
33,1
9,1
147,1
49,1
9,1
40,1
214,1
48,1
295,1
361,1
21,1
73,1
18,1
13,1
159,1
3,1
311,1
5,1
62,1
3,1
35,-1
35,1
30,1
248,1
10,1
401,1
3,1
56,1
31,1
26,1
61,1
16,1
23,1
28,1
93,1
30,1
5,1
49,1
30,1
33,1
26,1
38,1
340,1
207,1
56,1
9,1
94,1
96,1
8,1
45,1
16,1
9,1
169,1
68,1
24,1
7,1
5,1
175,1
52,1
35,1
88,1
29,1
4,1
6,1
8,1
36,1
37,1
131,1
148,1
101,1
28,1
4,1
3,1
77,-1
91,1
38,-1
558,1
79,-1
6,1
5,1
8,-1
5,1
349,1
10,-1
23,1
33,-1
184,1
4,1
177,1
108,1
153,1
4,1
25,-1
58,1
23,1
16,1
53,1
5,1
175,1
236,-1
50,1
9,1
317,1
123,1
4,1
8,1
83,1
10,1
25,1
283,1
196,1
371,1
83,-1
12,1
5,1
6,1
20,1
27,-1
260,-1
18,1
3,1
101,1
224,1
19,1
45,1
530,1
571,1
21,1
3,-1
49,1
135,1
6,1
74,1
300,1
20,1
26,-1
32,1
236,1
208,1
491,1
34,1
66,1
27,1
98,1
13,1
43,1
192,1
6,1
40,1
27,1
154,1
4,1
3,1
205,1
190,1
14,1
15,1
6,1
391,1
10,-1
22,1
226,1
5,1
127,1
9,1
26,1
32,1
52,1
227,1
7,1
7,1
30,1
32,1
40,1
6,1
121,1
28,1
122,1
13,1
220,1
5,1
6,1
48,1
9,1
3,-1
5,1
153,1
40,1
12,1
13,1
27,1
19,1
21,1
390,1
20,1
340,1
49,1
234,1
3,1
61,1
13,1
21,1
63,1
17,1
328,1
44,1
20,1
53,1
2,1
10,1
4,1
5,1
282,1
54,1
326,1
7,1
99,1
225,1
5,1
47,1
5,1
71,1
225,1
2,1
516,1
85,1
5,1
40,1
131,1
17,-1
15,1
36,1
22,1
15,1
28,1
13,1
87,1
85,1
28,1
30,1
51,1
23,1
67,1
34,1
8,1
28,1
127,1
560,1
7,1
34,1
67,1
558,1
13,1
16,1
123,1
9,1
42,1
5,1
3,1
32,1
135,1
11,1
13,1
49,1
353,1
303,1
265,1
3,-1
113,1
233,1
22,1
13,1
167,1
442,1
96,1
17,1
50,-1
11,1
5,1
66,1
72,1
573,1
3,1
27,1
6,1
237,1
3,1
16,1
121,-1
23,1
16,1
208,1
25,1
19,1
469,1
126,1
5,1
17,1
66,1
23,1
26,1
419,1
5,1
31,1
43,1
4,1
14,1
15,1
241,1
77,1
7,1
25,1
13,1
31,1
9,1
3,-1
26,1
111,1
448,1
12,1
64,1
21,1
15,1
5,1
9,1
3,1
17,1
267,1
27,1
216,1
24,1
4,1
10,1
16,1
101,1
64,1
104,1
22,1
45,1
285,1
217,1
268,1
5,1
316,1
72,1
15,1
214,1
525,1
21,1
9,1
9,1
29,1
306,1
6,1
8,1
18,1
53,1
28,1
20,1
15,1
494,1
26,1
92,1
31,1
44,1
76,1
464,1
71,1
21,1
111,-1
48,1
3,1
151,1
67,1
46,1
12,1
136,1
42,1
10,-1
103,1
127,1
203,1
146,1
7,1
3,1
31,1
89,1
31,1
47,1
43,-1
9,1
14,1
6,1
5,1
30,1
149,1
129,1
560,1
98,1
296,1
9,1
77,1
12,1
310,1
64,1
18,1
295,1
34,1
4,1
18,1
42,1
16,1
122,1
97,1
11,1
84,1
161,1
258,1
24,1
11,1
87,1
65,1
21,1
235,1
127,1
12,1
63,1
235,1
34,1
177,1
5,1
24,1
29,1
10,1
84,1
492,1
46,1
10,1
53,-1
93,1
5,1
34,1
247,1
11,1
347,1
37,1
243,1
67,1
186,1
57,1
18,1
79,1
43,1
163,1
4,1
154,1
80,1
16,1
39,1
36,1
9,1
3,1
31,1
4,1
16,1
55,1
32,1
37,1
19,1
5,-1
41,1
19,1
28,1
263,1
6,1
104,1
35,1
66,1
9,1
217,1
411,1
27,1
123,1
7,1
463,1
62,1
84,1
18,1
19,1
14,1
6,1
4,1
159,1
63,1
39,1
37,1
219,1
279,1
351,1
15,1
96,1
6,1
16,1
20,1
127,1
4,1
98,1
27,1
6,1
29,1
4,1
33,1
29,1
23,1
30,1
4,1
155,1
13,1
173,1
4,1
28,1
267,1
36,1
26,-1
23,1
62,1
6,1
16,1
9,1
48,1
3,1
130,1
4,1
38,-1
39,1
28,1
55,1
9,1
54,1
12,1
31,1
333,1
5,1
452,1
346,1
27,1
23,1
7,1
4,1
10,1
388,1
43,1
16,1
9,1
16,1
42,1
12,1
41,1
15,1
135,1
4,1
29,1
22,1
10,1
206,1
43,1
186,1
27,1
6,1
175,1
52,-1
194,1
5,1
4,1
327,-1
21,1
15,1
42,1
27,1
92,-1
278,1
33,1
130,1
4,1
213,1
29,1
326,1
95,1
546,1
227,1
43,1
9,1
11,1
5,1
16,1
36,1
10,1
21,1
109,1
4,1
19,1
6,1
442,1
4,1
39,1
97,1
227,1
13,1
72,1
37,1
12,1
13,1
35,1
7,1
59,1
13,1
82,1
31,1
35,1
26,1
452,1
206,1
3,1
22,1
5,1
248,1
100,1
10,1
12,1
47,1
12,1
149,1
27,1
429,1
27,1
5,1
21,1
86,1
51,1
90,1
47,1
444,1
587,1
19,1
25,1
46,1
360,1
4,1
15,1
5,1
190,-1
60,-1
9,1
16,-1
99,1
257,1
2,1
550,1
335,1
6,1
11,1
12,1
98,-1
318,1
358,1
151,-1
50,1
36,1
16,-1
4,1
135,-1
28,1
66,1
13,1
17,1
155,1
374,1
5,1
166,1
62,1
99,1
167,-1
473,1
13,1
174,1
184,1
58,1
367,1
7,1
17,1
25,1
12,1
8,1
16,1
8,1
8,1
352,1
16,1
31,1
365,1
4,1
53,1
8,1
111,1
7,1
180,1
13,1
41,1
12,1
28,1
139,1
31,1
31,1
36,1
12,1
3,-1
147,1
15,1
19,1
69,1
26,1
55,1
125,1
49,1
400,1
236,1
18,1
135,1
4,1
6,1
20,1
29,1
19,1
2,1
55,1
274,1
23,1
19,1
37,1
10,1
200,1
34,1
44,1
40,1
12,-1
32,-1
160,-1
390,-1
84,1
284,-1
82,1
25,1
18,-1
28,-1
3,1
20,-1
7,-1
13,-1
51,-1
21,-1
57,1
41,-1
62,-1
5,-1
231,-1
16,-1
67,1
27,-1
44,1
14,1
15,1
15,1
86,1
122,1
12,1
31,1
13,1
5,1
7,1
87,1
8,1
53,1
11,1
3,1
52,1
137,1
26,1
4,1
441,1
48,1
242,1
4,1
314,1
26,1
85,1
6,1
4,1
140,1
8,1
65,-1
92,-1
16,1
136,1
35,1
3,1
84,1
12,-1
19,1
58,1
207,-1
11,1
8,1
6,1
3,-1
25,-1
305,1
52,1
413,1
52,1
167,1
199,1
224,1
119,1
3,1
163,1
13,1
5,1
23,1
47,1
39,1
26,1
18,1
189,1
236,1
5,1
14,1
35,1
45,1
61,1
20,1
69,1
580,1
49,1
26,1
391,1
94,-1
400,1
50,-1
10,1
43,-1
17,-1
515,-1
39,1
9,1
24,1
24,1
81,-1
4,1
206,1
121,1
100,1
57,-1
15,1
5,1
13,1
443,1
10,-1
86,1
21,1
93,1
308,1
49,1
249,1
87,1
26,1
22,1
88,1
83,1
21,1
16,1
220,1
104,1
34,1
42,1
51,1
5,1
153,1
99,1
214,1
51,1
4,1
5,1
5,1
37,1
19,1
41,-1
30,1
276,1
82,-1
42,1
31,1
13,1
7,-1
20,1
48,-1
52,1
6,1
16,1
7,1
323,1
29,1
168,1
114,1
11,1
94,1
46,1
27,1
37,1
147,1
27,1
30,-1
45,1
2,-1
10,-1
103,1
31,-1
7,-1
11,1
320,1
233,1
25,-1
4,1
538,-1
24,1
584,1
54,1
98,-1
4,1
17,1
23,-1
139,1
60,1
22,1
435,1
36,1
81,1
7,1
8,1
8,1
168,1
99,1
72,1
127,1
6,1
26,1
12,1
12,1
387,1
46,1
7,1
28,1
137,1
24,-1
30,1
84,1
35,1
7,1
261,1
3,1
34,1
44,1
43,1
114,1
39,1
16,1
99,1
497,1
30,-1
81,-1
17,1
12,1
46,1
21,1
46,1
108,1
317,1
8,1
60,1
37,1
8,1
15,1
27,1
66,1
5,-1
27,1
4,1
62,1
524,1
48,-1
61,1
339,1
5,1
222,1
45,1
105,1
20,-1
6,1
104,-1
16,-1
8,-1
35,1
16,-1
322,-1
3,1
36,1
116,1
20,1
114,-1
247,1
6,1
17,1
23,1
13,1
154,1
315,1
16,1
7,1
21,1
236,1
17,1
7,1
45,1
446,1
19,1
117,1
11,1
10,1
23,1
5,1
79,1
171,1
27,1
92,1
51,1
234,1
11,-1
135,-1
158,1
445,1
5,1
10,1
93,1
561,1
10,1
7,1
38,-1
5,1
15,-1
9,1
27,1
6,-1
256,-1
17,-1
104,1
2,1
40,1
29,1
248,1
60,1
36,1
30,1
461,1
36,-1
339,-1
394,1
10,1
40,1
30,-1
34,1
31,-1
62,-1
4,1
21,1
149,1
7,1
25,1
223,1
139,1
27,1
170,1
55,-1
167,1
87,1
445,1
3,1
34,-1
62,1
274,1
360,1
21,1
36,1
31,-1
8,1
29,-1
41,1
509,1
82,1
16,-1
62,-1
439,1
367,1
5,1
29,-1
42,1
149,1
33,1
6,1
79,1
279,1
36,1
149,1
179,1
148,1
4,1
24,1
30,1
6,1
23,1
7,1
71,1
369,1
16,1
36,1
6,1
238,1
7,1
2,1
66,1
4,1
134,1
12,1
19,1
97,1
7,1
4,1
52,1
69,1
10,1
197,1
33,1
18,1
7,1
13,1
9,1
4,1
122,1
175,1
20,1
50,1
37,1
155,1
81,1
60,1
135,1
31,1
41,1
36,1
11,1
3,1
21,1
67,1
3,1
6,1
8,1
9,1
35,1
302,1
284,1
211,1
162,1
192,1
3,1
561,1
7,1
446,1
14,1
233,1
136,1
294,1
9,1
123,1
59,1
6,1
58,1
172,1
9,1
209,1
24,1
287,1
174,1
264,1
33,1
11,1
301,1
13,1
77,1
414,1
18,1
6,1
23,1
84,1
99,1
33,1
31,1
31,1
14,1
22,1
47,1
36,1
9,1
72,1
81,1
184,1
166,1
141,1
265,1
4,1
3,1
65,1
31,1
25,1
179,1
10,1
96,1
90,1
11,1
232,1
8,1
18,1
4,1
53,1
15,1
74,1
6,1
2,1
30,1
15,1
14,1
33,1
19,1
225,1
467,1
81,1
121,1
129,1
21,1
4,1
5,1
26,1
42,1
248,1
52,1
33,1
57,1
33,1
6,1
21,1
40,1
95,1
9,1
10,1
24,1
410,1
5,1
34,1
397,1
17,1
28,1
54,-1
163,1
467,1
160,1
12,1
8,1
290,1
159,1
14,1
216,1
122,1
3,1
86,1
9,1
47,1
19,1
10,1
40,1
20,1
43,1
17,1
3,1
44,1
224,1
252,1
12,1
26,1
221,1
7,1
93,1
74,1
121,1
7,1
25,1
406,1
239,1
12,1
72,-1
353,1
279,1
89,1
26,1
110,1
45,1
60,1
52,1
5,1
6,1
36,1
40,1
122,1
194,1
22,1
373,1
78,1
25,1
13,1
10,1
8,1
12,1
3,1
95,1
24,1
55,1
111,1
34,1
11,1
4,1
164,1
38,1
179,1
13,1
11,1
353,1
10,1
13,1
16,1
27,1
179,1
188,1
16,1
3,1
7,1
18,1
160,1
97,1
27,1
12,1
241,1
45,1
11,1
10,1
63,1
139,1
13,1
24,1
4,1
230,1
39,1
70,1
78,-1
159,1
53,1
5,1
110,1
71,-1
51,1
18,1
21,1
122,1
3,1
69,1
26,1
15,1
53,1
4,1
159,-1
55,1
21,1
141,1
27,1
521,1
12,1
41,1
70,1
180,1
120,-1
122,1
99,1
18,1
25,1
224,1
163,1
93,1
4,1
32,1
3,1
351,1
164,-1
7,1
6,1
20,1
218,1
36,1
5,1
5,1
6,1
357,1
24,1
20,1
4,-1
53,1
455,1
68,1
7,1
36,1
29,1
62,1
94,1
190,1
50,1
14,1
7,1
20,1
365,1
15,1
103,1
29,1
461,1
165,1
197,1
99,1
39,1
77,1
14,1
59,1
25,1
26,1
7,1
6,1
303,1
262,1
13,1
17,1
232,1
6,1
33,1
130,1
7,1
29,1
62,1
51,-1
294,1
48,1
30,1
16,1
17,1
106,1
111,1
55,-1
4,1
135,1
7,1
23,1
12,1
6,1
172,1
29,1
27,1
131,1
132,1
37,1
7,1
36,1
55,1
4,1
12,1
265,1
6,1
161,1
430,1
3,-1
15,1
25,1
5,1
521,1
14,1
40,1
10,1
9,1
29,1
166,1
248,1
15,1
22,1
11,1
7,1
319,-1
13,1
9,1
167,1
25,1
100,1
54,1
4,1
12,1
15,1
10,1
17,1
14,1
17,1
31,1
139,1
3,-1
73,1
307,1
81,1
361,1
100,1
9,1
28,1
11,1
155,1
33,1
6,1
21,1
4,1
6,1
335,1
12,1
13,1
413,1
118,1
27,1
11,1
8,-1
25,1
19,1
30,1
43,1
33,1
312,1
91,1
47,1
13,1
505,1
28,1
31,1
199,1
259,1
29,1
14,1
43,1
5,1
73,1
157,1
24,1
31,1
115,1
89,1
2,1
91,1
47,1
400,1
218,1
11,1
351,1
40,1
180,1
28,1
160,1
53,1
18,1
3,1
14,1
30,1
26,1
90,1
10,1
14,1
13,1
72,1
396,1
41,1
141,1
28,1
245,1
241,1
98,1
10,1
64,1
5,1
75,1
263,1
4,1
76,1
170,1
3,1
69,1
6,1
143,1
5,1
21,1
8,1
37,1
6,1
81,1
3,1
17,1
158,1
20,1
409,1
60,1
3,1
5,1
10,1
500,1
17,1
218,1
30,1
54,1
7,1
47,1
260,1
232,1
147,1
10,1
5,1
137,1
27,1
8,1
6,1
56,1
348,1
215,1
6,1
32,1
51,1
36,1
3,1
47,1
353,1
4,1
151,1
441,1
183,1
23,1
85,1
242,1
13,1
6,1
155,1
97,1
272,1
340,1
164,1
331,1
101,1
103,1
19,1
3,1
75,1
161,1
10,1
93,1
32,1
103,1
69,1
60,1
17,1
64,1
22,1
4,1
89,1
3,1
207,1
35,-1
28,1
26,1
6,1
5,1
28,1
372,1
12,1
25,1
285,1
89,1
265,1
10,1
78,1
52,1
18,1
8,1
66,1
24,1
32,1
22,1
15,1
3,-1
3,1
48,1
29,1
122,1
6,1
33,1
311,1
9,-1
4,1
364,1
152,1
6,1
63,1
7,1
33,-1
52,1
471,1
226,1
6,1
6,1
43,-1
9,1
4,1
40,1
33,1
114,1
11,1
236,1
353,1
23,1
27,1
63,1
23,1
489,1
40,1
234,1
64,1
23,1
312,1
176,1
224,1
18,1
24,1
113,1
58,1
27,1
26,1
3,1
73,1
153,1
14,1
15,1
337,1
43,-1
16,1
13,1
266,-1
4,1
7,1
3,1
48,1
6,1
85,1
179,1
12,1
15,1
82,1
4,1
29,1
98,1
6,1
10,1
39,1
24,1
34,1
163,1
20,1
9,1
349,1
174,1
52,1
5,1
361,1
19,1
499,1
203,1
11,1
128,1
31,1
328,1
118,1
16,1
73,1
70,1
4,1
8,1
46,1
43,1
6,1
39,1
17,1
10,1
10,1
73,1
6,1
15,1
65,1
418,1
165,1
39,1
7,1
4,1
183,1
59,1
48,1
22,1
114,1
46,1
9,1
18,1
36,1
8,1
33,1
58,1
72,1
286,1
13,1
35,1
137,1
122,1
9,1
8,1
114,1
55,1
16,1
11,1
26,1
92,1
46,1
132,1
2,-1
23,1
46,1
125,1
4,1
373,1
191,1
17,1
365,1
234,1
28,1
2,1
7,-1
17,1
17,1
61,1
70,1
12,1
112,1
78,-1
11,1
4,1
170,1
275,1
28,1
29,1
43,1
90,1
10,1
10,1
101,1
230,1
41,1
3,1
38,1
3,1
56,1
8,1
48,1
184,1
221,1
34,1
13,1
371,1
97,1
98,1
20,1
51,-1
35,1
32,1
4,1
20,1
32,1
31,1
24,1
15,1
14,1
5,1
19,1
3,1
56,1
52,1
297,1
15,1
147,1
16,1
417,1
61,1
84,1
44,1
76,1
23,1
175,1
64,1
3,1
315,1
53,1
5,1
12,1
52,1
6,1
22,1
20,1
5,1
75,1
124,-1
54,1
19,-1
119,1
4,1
12,1
35,1
112,1
20,1
4,1
40,1
406,1
18,1
4,1
7,1
21,1
36,1
31,1
6,1
153,1
9,1
158,-1
14,1
11,1
23,1
18,1
63,1
4,1
75,1
553,1
128,1
251,1
35,1
79,1
17,1
22,1
93,1
19,1
14,1
6,1
15,1
18,1
144,1
9,1
23,1
43,1
3,-1
176,1
15,1
6,1
12,1
466,1
35,1
253,1
46,1
370,1
36,1
17,1
234,1
29,1
226,1
36,-1
195,1
142,1
199,1
152,1
220,1
3,1
200,1
10,1
6,1
7,1
277,1
19,1
4,1
41,1
92,1
171,1
201,1
6,-1
17,1
123,1
412,1
14,1
55,1
7,1
11,1
541,1
27,1
156,1
62,1
39,1
41,1
304,1
5,1
55,1
55,1
239,1
55,1
4,1
6,1
167,1
142,1
420,1
179,1
24,1
4,1
14,1
10,1
3,-1
41,1
14,-1
31,1
15,1
32,1
10,1
31,1
12,1
4,1
16,1
19,1
176,1
74,-1
11,1
70,1
241,1
129,1
11,1
17,1
14,1
217,1
14,1
159,1
30,1
29,1
223,1
75,1
9,1
3,-1
223,1
92,1
24,1
5,1
55,1
9,1
457,1
20,1
369,1
5,1
129,1
71,1
39,1
5,1
25,1
30,1
18,1
164,1
355,1
62,1
15,1
194,1
129,1
5,1
4,1
77,1
15,1
335,1
151,1
8,1
31,1
23,1
4,1
19,1
80,1
43,1
31,1
40,1
32,1
51,1
30,1
39,1
147,1
7,1
46,1
164,1
108,1
37,1
199,1
210,1
4,1
340,1
36,1
26,1
292,1
38,1
4,1
209,1
7,1
78,1
81,-1
6,1
13,1
125,1
51,1
24,1
22,1
302,1
35,1
15,1
21,1
3,1
17,1
162,1
120,1
19,1
85,1
43,1
6,1
6,1
24,1
18,1
268,1
16,1
247,1
32,1
298,1
58,1
45,1
28,1
5,1
5,1
43,1
5,1
233,1
3,-1
227,1
125,1
47,1
91,1
266,1
218,1
19,1
132,1
73,1
132,1
52,1
18,1
121,1
6,1
47,1
5,1
463,1
6,1
27,1
110,1
6,1
23,1
25,1
540,1
37,1
373,1
23,1
18,1
30,1
97,1
48,1
24,1
132,1
207,1
20,1
5,-1
44,1
73,1
180,1
254,1
10,1
9,-1
18,1
152,-1
315,-1
58,-1
26,-1
31,1
303,-1
46,-1
97,1
145,1
21,-1
43,-1
162,-1
128,1
11,1
44,1
44,-1
106,1
80,-1
37,-1
302,-1
88,-1
68,-1
10,1
35,1
148,-1
5,1
258,1
5,-1
60,-1
374,-1
77,-1
4,1
23,-1
135,1
92,-1
35,1
55,1
89,-1
31,-1
55,1
23,1
61,-1
85,-1
492,1
43,-1
13,-1
94,1
30,-1
23,1
30,1
9,1
12,1
39,1
23,1
86,-1
63,1
54,1
177,1
7,1
14,1
52,1
19,1
410,1
360,1
17,-1
78,1
6,1
19,1
35,1
10,1
7,1
68,1
4,1
16,1
19,-1
309,1
67,1
110,1
58,1
19,1
12,1
3,1
489,1
72,-1
52,1
119,1
3,1
44,1
533,1
69,-1
29,1
442,1
18,-1
10,1
26,1
43,1
13,1
31,1
63,1
95,1
83,-1
561,-1
3,-1
470,1
70,1
40,1
18,1
5,-1
409,1
7,1
19,-1
7,1
38,1
38,1
45,1
360,1
129,1
62,1
21,1
75,1
210,-1
35,-1
13,1
9,1
37,1
287,1
12,1
39,1
261,1
583,-1
240,1
30,1
70,1
131,1
585,1
56,1
69,1
13,1
2,1
221,1
25,1
593,-1
19,1
24,1
4,1
32,1
11,1
179,1
370,1
21,1
99,1
6,1
264,1
80,1
7,1
7,-1
70,1
18,1
4,1
173,1
16,1
9,1
21,1
176,1
20,1
254,1
38,1
11,1
245,1
411,1
181,1
36,1
67,1
22,1
3,1
42,1
3,1
27,1
13,1
25,1
47,1
12,-1
11,1
158,1
260,-1
302,1
8,1
32,1
575,-1
12,1
13,1
5,1
41,1
65,1
126,1
212,-1
384,-1
30,1
13,1
487,1
49,1
16,1
198,1
31,-1
23,1
188,1
160,1
8,1
308,-1
420,1
35,1
25,1
38,-1
139,1
334,-1
41,1
171,-1
521,1
125,1
14,1
50,1
3,1
114,1
41,1
172,1
94,1
45,-1
50,1
4,-1
102,-1
108,-1
96,1
301,1
556,-1
309,1
301,-1
34,1
12,1
42,-1
9,1
17,1
21,1
16,1
49,1
214,-1
4,1
269,1
261,1
26,1
17,1
4,1
34,1
405,1
28,1
167,-1
10,1
187,-1
12,1
179,1
74,1
100,1
3,1
88,1
367,-1
54,1
13,-1
7,1
154,1
29,1
11,1
441,1
13,1
19,1
24,-1
7,1
25,-1
219,-1
19,-1
306,-1
21,1
8,1
271,-1
13,-1
20,-1
4,1
121,-1
214,-1
102,-1
3,1
21,1
2,1
182,-1
7,-1
27,-1
51,1
18,-1
130,-1
80,1
45,1
27,1
231,1
58,1
561,-1
232,1
31,1
45,1
325,-1
45,1
40,-1
25,1
7,1
91,-1
28,1
57,1
57,-1
3,-1
76,1
48,-1
19,-1
37,1
9,1
113,1
29,1
6,-1
67,1
13,1
27,1
292,1
207,1
38,-1
23,1
54,1
499,1
30,1
119,1
84,1
5,1
168,1
27,1
57,1
29,1
14,1
239,1
19,1
49,1
120,1
124,1
67,1
25,1
38,-1
11,-1
124,-1
16,1
499,1
28,-1
346,1
8,-1
383,-1
23,1
60,-1
87,1
81,-1
2,1
42,1
90,-1
7,1
80,1
35,-1
70,-1
138,1
27,1
24,-1
354,1
579,-1
46,-1
352,-1
91,-1
92,1
63,-1
25,-1
7,1
114,1
26,-1
23,-1
18,1
34,-1
5,1
10,-1
109,-1
11,1
14,-1
74,-1
302,-1
577,-1
57,-1
123,-1
277,-1
169,-1
113,-1
244,-1
329,1
32,1
48,-1
38,-1
22,-1
407,1
15,1
250,1
40,1
96,1
78,1
28,-1
21,1
556,1
120,1
9,1
84,1
14,1
193,-1
39,-1
39,-1
51,-1
34,-1
174,1
74,1
28,1
367,1
125,1
10,1
53,-1
21,1
10,1
594,-1
22,1
150,1
68,1
4,-1
37,1
196,1
35,-1
38,1
99,-1
134,1
200,1
18,1
42,1
39,1
7,1
242,1
97,1
33,-1
304,-1
20,-1
85,-1
99,1
3,1
114,-1
543,-1
122,1
474,-1
10,1
29,-1
239,1
37,1
16,-1
53,-1
15,-1
89,-1
247,1
260,-1
4,1
36,1
29,1
79,-1
43,-1
44,-1
31,-1
12,-1
10,1
40,-1
417,1
346,-1
11,-1
272,-1
99,1
201,-1
125,1
12,-1
230,-1
41,1
4,-1
30,-1
202,1
49,-1
535,1
23,1
21,1
81,1
452,-1
91,-1
6,1
11,-1
11,-1
11,-1
256,-1
252,-1
11,-1
59,-1
12,-1
35,-1
15,-1
26,-1
12,-1
38,-1
20,-1
3,1
8,-1
56,-1
10,-1
290,-1
456,1
3,1
84,1
46,1
38,1
44,1
8,-1
192,1
156,1
81,1
49,1
167,-1
19,1
9,1
467,1
304,-1
4,1
344,1
24,1
59,1
97,-1
377,1
94,-1
48,1
54,1
148,1
17,1
340,1
48,1
265,1
303,-1
49,-1
40,1
8,1
44,-1
36,-1
233,-1
34,-1
48,1
88,-1
7,-1
225,1
202,-1
35,-1
152,1
3,-1
21,1
252,1
334,1
40,1
105,1
56,-1
8,1
5,-1
375,-1
26,-1
55,-1
7,1
64,-1
4,-1
516,1
19,1
17,1
23,-1
66,-1
154,1
53,1
164,-1
46,1
367,-1
61,1
4,1
299,-1
24,-1
43,-1
5,-1
81,-1
119,1
9,1
12,-1
19,1
91,1
202,1
55,1
104,1
275,1
89,1
34,-1
189,1
46,1
440,1
187,1
113,1
54,1
14,1
25,1
7,1
17,1
144,1
3,1
56,-1
250,1
319,-1
36,1
21,1
157,1
520,-1
405,-1
14,1
414,1
49,1
51,-1
215,1
27,1
31,-1
33,-1
405,1
10,1
26,1
11,1
67,1
45,1
18,1
31,1
221,1
79,-1
66,-1
13,1
155,1
46,1
24,-1
12,-1
3,-1
19,-1
11,-1
452,-1
151,-1
35,1
193,-1
75,-1
32,1
118,-1
76,1
26,-1
48,-1
133,1
238,-1
166,-1
11,-1
28,1
13,-1
54,-1
21,-1
26,-1
14,-1
184,1
26,-1
51,1
109,-1
166,1
37,1
37,-1
5,1
65,1
413,-1
261,-1
24,-1
2,1
3,1
36,-1
16,1
466,-1
11,-1
81,1
17,-1
151,-1
22,1
292,-1
127,1
25,1
90,-1
67,1
14,1
59,1
579,-1
29,-1
17,1
317,-1
114,1
88,1
35,1
58,1
27,1
5,-1
54,1
29,1
3,1
18,1
54,-1
133,1
25,1
228,1
60,-1
139,-1
27,-1
28,-1
292,-1
49,-1
146,1
310,-1
481,-1
6,1
16,1
7,-1
13,-1
25,-1
70,-1
25,-1
25,1
308,1
32,1
103,-1
34,-1
5,1
16,1
79,-1
111,1
351,-1
153,1
50,-1
8,1
27,-1
151,-1
199,1
19,-1
15,1
50,-1
9,1
478,-1
24,-1
316,-1
77,-1
30,-1
15,-1
202,-1
25,-1
30,1
10,1
7,-1
6,1
4,1
341,-1
94,-1
25,1
137,-1
371,-1
4,1
198,1
386,-1
76,-1
63,1
104,-1
29,-1
186,-1
155,-1
593,-1
42,-1
71,1
93,-1
22,-1
234,1
72,-1
90,-1
43,-1
42,-1
36,1
98,1
183,1
127,-1
37,1
5,1
35,-1
41,1
28,-1
108,1
154,1
47,1
99,-1
11,-1
375,1
9,1
145,-1
26,-1
200,1
23,1
20,1
13,1
11,-1
63,-1
76,-1
20,1
4,-1
27,1
38,1
24,-1
55,-1
322,-1
111,-1
107,-1
204,-1
7,1
31,-1
59,-1
49,-1
160,1
114,1
58,1
27,-1
389,-1
5,1
4,-1
18,-1
41,-1
129,-1
5,1
19,1
31,-1
87,1
10,-1
128,-1
532,1
91,1
327,-1
46,1
26,-1
50,1
18,1
14,-1
6,-1
27,1
20,-1
4,1
5,1
115,1
30,1
162,1
3,1
73,1
32,1
340,-1
52,1
403,1
534,1
21,1
20,1
66,1
18,1
368,-1
37,1
530,-1
346,1
26,1
67,1
42,1
51,1
12,1
83,-1
49,1
3,1
144,1
99,1
191,1
52,-1
304,-1
251,1
52,1
209,1
26,1
187,-1
115,-1
48,-1
86,1
15,1
4,1
538,-1
207,-1
226,-1
42,-1
14,-1
15,-1
89,-1
11,1
16,1
17,-1
275,-1
10,1
448,1
27,1
24,-1
6,1
41,-1
22,-1
8,1
13,1
51,-1
18,-1
22,1
336,-1
11,1
52,1
25,1
15,-1
3,1
35,-1
142,1
19,-1
26,1
186,-1
4,-1
21,1
75,-1
11,1
280,-1
16,-1
21,-1
15,-1
93,1
164,-1
38,-1
130,1
130,1
169,1
16,1
34,-1
408,-1
33,1
43,-1
60,-1
206,1
382,-1
73,1
11,1
81,-1
23,1
88,1
58,1
18,1
37,1
37,1
62,1
21,1
85,1
7,1
429,-1
122,1
5,1
6,-1
41,-1
177,1
110,-1
570,1
42,-1
27,-1
115,1
15,-1
10,1
52,1
96,-1
302,-1
14,-1
99,-1
4,1
42,-1
142,-1
32,-1
23,-1
24,-1
182,1
122,-1
216,1
49,1
302,1
131,1
5,1
329,1
85,-1
53,1
16,-1
33,1
39,1
278,1
79,1
110,-1
50,-1
28,-1
11,1
30,-1
18,1
21,-1
24,-1
35,-1
45,-1
34,1
37,-1
57,1
190,1
79,1
475,-1
39,-1
32,-1
146,1
75,-1
271,-1
30,-1
3,1
39,-1
3,-1
51,-1
91,-1
8,-1
346,-1
112,-1
247,-1
475,-1
66,-1
66,-1
12,1
43,1
12,-1
5,-1
27,-1
57,1
86,1
9,-1
12,-1
12,1
15,-1
7,1
210,1
52,-1
454,-1
42,-1
15,-1
248,-1
16,-1
42,-1
69,1
119,-1
355,-1
265,-1
99,-1
9,-1
13,1
5,1
36,1
4,1
324,1
31,1
29,-1
9,1
192,1
180,-1
24,1
19,1
32,1
30,-1
28,1
25,-1
347,-1
25,1
43,1
24,-1
15,-1
115,1
213,1
311,1
7,-1
2,1
321,-1
10,1
12,-1
21,-1
149,-1
48,-1
28,-1
13,-1
15,-1
101,1
183,1
30,-1
36,-1
23,-1
434,1
595,-1
23,-1
256,1
86,-1
33,-1
351,1
85,1
4,1
62,-1
61,-1
9,1
72,1
124,-1
10,1
42,-1
41,-1
81,-1
129,1
303,-1
41,1
169,1
31,1
121,1
195,-1
18,1
12,-1
87,-1
47,-1
243,-1
476,-1
23,1
2,1
90,-1
8,1
33,1
589,1
24,-1
33,1
147,1
504,-1
76,1
109,1
68,-1
332,1
136,-1
315,1
4,-1
261,-1
92,-1
13,-1
17,-1
36,1
5,1
137,-1
135,1
23,1
237,-1
117,-1
555,-1
156,-1
295,-1
4,1
50,-1
30,-1
33,-1
572,1
27,-1
4,1
63,1
91,1
4,-1
73,-1
80,-1
41,-1
33,-1
51,-1
8,-1
336,-1
173,-1
27,-1
69,1
10,1
8,1
4,-1
12,1
15,-1
75,-1
70,1
33,-1
46,-1
195,1
166,1
47,-1
25,-1
22,-1
5,1
21,1
521,1
46,1
29,-1
23,-1
18,-1
177,1
30,-1
224,1
147,-1
30,1
81,-1
49,-1
3,1
289,-1
107,-1
6,-1
10,1
466,1
69,1
6,1
81,-1
11,-1
155,1
74,-1
338,-1
24,-1
48,-1
306,-1
102,-1
121,1
50,1
101,1
197,1
19,-1
526,1
17,-1
12,-1
47,-1
57,-1
8,-1
533,1
166,-1
24,1
4,1
320,-1
219,1
124,-1
323,-1
19,-1
33,-1
128,1
4,1
18,-1
194,-1
87,-1
41,-1
11,-1
14,1
36,-1
62,1
233,1
26,1
224,-1
26,-1
37,-1
174,1
105,1
234,-1
48,1
57,1
35,-1
136,-1
269,-1
4,1
27,-1
62,-1
39,-1
40,-1
5,1
240,-1
7,1
325,-1
26,-1
113,1
13,1
18,-1
36,-1
4,1
32,-1
72,1
43,-1
90,-1
304,-1
17,-1
11,-1
344,-1
4,1
16,-1
14,-1
49,-1
508,1
195,-1
57,-1
38,1
154,1
100,1
20,-1
19,-1
163,1
59,-1
3,1
20,-1
5,-1
36,-1
91,-1
4,1
49,1
18,-1
30,-1
340,1
21,-1
83,-1
31,1
29,-1
347,-1
83,-1
206,-1
119,-1
13,-1
17,1
170,-1
10,-1
3,1
128,1
29,-1
92,1
228,-1
5,1
30,1
398,-1
3,1
56,-1
34,1
46,-1
31,-1
37,-1
51,-1
37,-1
13,-1
26,-1
11,-1
11,1
131,-1
31,-1
180,1
19,-1
11,-1
2,1
41,1
229,1
173,-1
319,-1
72,-1
188,1
84,-1
38,1
118,-1
6,-1
3,-1
15,-1
386,1
239,-1
257,1
35,1
122,1
19,-1
182,-1
61,-1
4,1
105,-1
93,-1
21,-1
37,-1
139,1
7,1
26,-1
189,-1
173,-1
185,-1
9,1
185,-1
272,1
16,1
39,-1
5,-1
85,-1
425,-1
14,-1
55,-1
179,1
7,-1
238,-1
41,1
42,-1
20,-1
34,1
18,-1
14,-1
13,-1
28,-1
113,1
4,1
293,-1
2,-1
22,-1
25,-1
15,-1
252,1
46,-1
73,1
412,1
13,1
41,-1
22,-1
38,-1
20,-1
23,1
20,1
22,1
15,-1
381,1
80,-1
188,-1
23,-1
59,-1
22,-1
408,-1
20,-1
75,1
231,-1
331,-1
6,1
101,1
425,-1
6,1
25,-1
45,1
11,1
37,-1
440,1
140,1
10,-1
5,-1
133,-1
21,-1
137,-1
159,1
58,-1
37,-1
22,1
142,-1
333,-1
315,-1
3,-1
389,-1
25,-1
173,-1
8,1
71,-1
24,-1
18,-1
5,-1
6,1
19,1
17,1
196,1
5,1
97,1
9,1
8,1
363,1
59,-1
9,-1
8,-1
155,1
8,1
82,-1
55,1
56,-1
40,1
13,1
44,-1
48,-1
159,1
29,1
73,-1
28,-1
124,-1
53,-1
205,-1
21,-1
28,1
38,-1
25,1
137,-1
36,1
290,-1
177,-1
29,1
6,1
321,-1
37,-1
11,1
277,1
27,-1
97,1
35,-1
42,-1
27,-1
21,-1
26,1
121,-1
41,-1
4,1
335,1
4,1
99,-1
27,1
30,1
118,1
545,1
122,1
130,1
56,-1
26,-1
16,1
33,-1
15,1
81,-1
291,1
87,-1
35,-1
37,-1
52,-1
10,-1
2,-1
59,-1
18,1
18,1
143,-1
198,1
84,-1
39,1
25,-1
354,-1
34,1
27,1
62,-1
7,1
80,-1
248,-1
336,-1
440,1
12,1
7,1
18,-1
148,1
56,1
59,-1
9,-1
12,-1
4,1
49,1
47,-1
40,-1
33,-1
6,-1
10,1
8,-1
188,-1
555,-1
49,1
23,-1
30,-1
39,-1
5,-1
42,-1
154,1
17,1
145,1
404,1
58,1
28,1
15,1
17,1
29,1
229,1
16,-1
109,1
293,1
61,1
4,1
52,1
93,-1
72,1
47,1
251,1
72,1
51,1
9,1
18,1
116,1
13,1
5,1
18,-1
12,-1
18,-1
414,-1
52,-1
55,1
4,1
254,1
461,1
95,-1
4,-1
332,-1
34,1
60,-1
46,1
27,-1
81,-1
53,1
65,1
21,-1
91,1
26,-1
5,1
8,-1
3,1
352,-1
362,-1
43,-1
34,-1
172,1
192,1
86,1
35,1
16,-1
160,1
48,-1
181,1
51,-1
98,1
108,-1
65,-1
11,1
434,-1
9,1
58,-1
11,-1
5,1
254,-1
12,-1
129,-1
12,-1
160,1
358,-1
73,1
4,-1
76,-1
287,1
30,1
40,-1
39,-1
12,-1
5,-1
7,-1
57,-1
396,-1
8,1
26,-1
9,-1
79,-1
433,-1
3,1
134,-1
15,-1
32,-1
25,1
100,1
58,-1
13,-1
400,-1
17,-1
363,-1
15,-1
90,-1
98,-1
48,-1
212,-1
36,-1
150,1
67,-1
18,-1
14,-1
31,1
23,1
45,-1
6,1
22,-1
13,-1
36,-1
47,-1
54,1
573,-1
31,-1
3,-1
8,-1
41,-1
88,-1
24,1
9,1
46,1
34,-1
11,-1
135,-1
117,-1
13,1
3,1
17,1
6,-1
17,1
43,-1
13,-1
30,1
206,1
23,1
24,-1
9,-1
37,1
593,-1
75,-1
18,1
64,-1
39,-1
65,1
334,1
28,-1
44,-1
194,1
66,-1
7,1
456,1
80,1
18,-1
73,-1
195,1
3,-1
10,1
65,-1
114,1
8,1
23,-1
3,-1
28,-1
25,-1
5,-1
10,-1
325,-1
6,-1
18,-1
56,-1
39,-1
7,-1
196,-1
11,-1
30,1
50,-1
201,-1
44,-1
22,-1
237,-1
99,1
96,1
24,-1
30,-1
237,-1
316,-1
11,1
19,1
50,1
48,1
7,1
249,-1
30,-1
75,1
11,1
5,1
21,-1
7,1
27,1
26,-1
66,1
106,1
203,-1
14,1
64,1
14,1
84,-1
11,1
55,1
22,1
3,1
9,-1
6,-1
328,-1
306,-1
140,-1
9,1
39,-1
28,-1
15,-1
91,-1
65,1
45,-1
6,1
241,-1
135,-1
10,1
20,-1
160,-1
42,1
55,1
294,-1
123,1
204,-1
4,1
6,-1
34,-1
24,-1
16,1
220,1
279,1
216,-1
324,-1
141,-1
162,-1
297,1
291,-1
4,1
147,1
3,1
15,-1
244,-1
144,-1
66,1
37,-1
46,-1
42,-1
13,-1
393,-1
32,1
17,-1
353,1
170,-1
28,-1
183,-1
238,-1
11,-1
124,-1
11,1
375,-1
75,-1
10,-1
66,-1
39,-1
109,-1
22,-1
37,-1
62,-1
38,1
120,-1
290,1
64,1
37,-1
31,-1
53,-1
41,-1
127,-1
282,-1
28,1
120,-1
243,-1
19,-1
23,1
94,-1
243,-1
136,1
8,1
163,-1
160,1
3,1
4,1
72,-1
42,1
4,-1
34,-1
13,-1
77,1
44,-1
321,-1
45,-1
67,1
65,1
438,1
33,1
4,1
65,1
39,1
9,1
552,1
12,1
181,1
10,1
68,1
58,1
131,1
27,1
29,1
543,1
232,1
328,1
50,1
251,1
166,1
15,1
84,1
125,-1
146,1
277,-1
10,-1
92,-1
27,-1
7,-1
8,-1
11,-1
95,-1
44,-1
6,-1
293,-1
5,-1
422,-1
33,-1
416,-1
130,1
12,1
8,1
14,-1
16,-1
15,-1
186,-1
138,-1
30,-1
21,1
16,1
104,-1
79,1
43,-1
509,1
19,1
115,-1
3,-1
415,-1
19,-1
61,1
77,1
59,-1
29,1
9,-1
6,-1
39,1
22,1
25,1
162,1
14,-1
132,-1
176,-1
98,1
438,-1
3,1
10,1
60,-1
30,1
7,-1
379,-1
3,-1
37,-1
248,-1
41,-1
14,-1
136,1
19,1
103,1
30,-1
418,1
34,-1
73,-1
71,-1
32,-1
142,1
440,-1
297,1
21,1
34,-1
31,-1
14,-1
9,-1
8,1
45,-1
250,-1
10,1
154,-1
12,-1
303,-1
3,1
161,1
54,-1
183,-1
31,-1
594,-1
44,1
52,-1
6,1
62,-1
28,-1
26,-1
22,-1
16,-1
20,-1
132,1
43,-1
73,1
3,-1
14,-1
10,1
18,-1
16,-1
366,-1
21,1
17,1
24,-1
32,-1
11,-1
44,1
139,-1
365,-1
237,-1
230,1
31,1
81,1
59,-1
11,1
172,-1
8,-1
24,-1
47,1
133,-1
101,-1
111,-1
33,-1
9,1
47,1
5,1
31,-1
84,-1
13,-1
264,-1
32,1
8,-1
5,1
15,1
11,-1
115,-1
7,-1
10,-1
106,-1
417,-1
148,-1
7,1
3,1
38,-1
219,1
27,-1
366,-1
188,-1
8,-1
25,1
26,-1
5,-1
237,-1
55,-1
37,1
34,-1
371,-1
224,1
17,-1
15,-1
45,-1
93,1
44,-1
34,-1
23,-1
33,-1
251,-1
55,-1
8,-1
14,-1
261,-1
80,1
21,-1
82,-1
42,-1
43,-1
2,1
102,1
12,-1
288,1
199,-1
53,-1
17,-1
88,-1
5,1
80,-1
85,-1
321,-1
32,-1
70,-1
16,-1
298,-1
305,1
243,-1
9,1
15,1
3,1
34,-1
97,1
82,-1
4,-1
147,1
42,1
35,-1
52,-1
37,-1
409,-1
131,1
72,-1
100,-1
32,-1
5,1
42,1
63,-1
11,1
188,1
557,-1
124,-1
175,-1
29,-1
51,-1
29,1
30,-1
83,-1
28,1
460,1
18,1
243,1
42,-1
171,1
41,-1
5,1
114,1
6,1
389,-1
144,1
3,1
12,1
14,-1
54,-1
7,-1
12,-1
8,1
7,1
21,-1
158,1
108,-1
30,1
20,1
55,1
4,1
5,1
17,-1
214,1
54,1
123,1
100,1
153,1
13,1
51,-1
5,1
69,1
28,1
371,-1
26,-1
23,1
18,-1
10,-1
201,-1
97,-1
27,1
59,-1
5,-1
308,-1
194,-1
12,-1
136,-1
10,-1
33,-1
145,-1
8,-1
201,-1
21,-1
5,-1
4,-1
9,-1
51,-1
20,-1
5,-1
160,-1
81,-1
426,1
28,-1
90,-1
26,-1
2,-1
19,-1
31,-1
20,-1
254,-1
9,-1
70,-1
545,-1
70,-1
164,-1
30,-1
32,-1
5,-1
7,-1
29,-1
337,-1
3,-1
28,-1
9,-1
31,-1
62,-1
54,-1
36,-1
53,-1
11,-1
17,-1
22,-1
89,-1
55,-1
141,-1
284,-1
2,-1
115,-1
259,-1
25,-1
284,-1
15,-1
19,-1
59,-1
34,-1
36,-1
58,-1
240,-1
55,-1
23,-1
3,-1
224,-1
21,-1
18,-1
24,-1
51,-1
46,-1
12,-1
12,-1
35,-1
7,-1
99,-1
85,-1
204,-1
37,-1
28,-1
280,-1
194,-1
11,-1
15,-1
3,-1
7,-1
5,-1
411,-1
27,-1
11,-1
5,-1
70,-1
13,-1
207,1
52,-1
57,-1
14,-1
35,-1
150,-1
207,-1
66,1
462,-1
21,-1
349,-1
53,-1
16,-1
6,-1
167,-1
16,-1
189,-1
496,-1
3,-1
6,-1
34,-1
9,-1
26,-1
94,-1
231,-1
278,-1
19,-1
58,-1
11,-1
483,-1
34,-1
32,-1
19,-1
163,-1
41,-1
4,-1
171,-1
17,-1
102,-1
4,-1
13,-1
14,-1
386,-1
40,-1
3,-1
26,1
4,-1
87,-1
179,-1
41,-1
162,-1
2,-1
13,-1
29,-1
8,-1
5,-1
41,-1
133,-1
315,-1
46,-1
51,1
22,-1
108,-1
4,-1
77,-1
41,-1
13,-1
15,-1
14,-1
67,-1
100,-1
396,-1
33,-1
92,-1
179,-1
373,-1
334,-1
44,-1
67,-1
3,1
4,-1
56,-1
169,-1
14,-1
173,-1
4,-1
10,-1
25,-1
144,-1
5,-1
27,-1
68,-1
5,-1
10,-1
40,-1
5,-1
46,-1
11,-1
164,1
35,-1
30,-1
15,-1
41,-1
339,-1
28,-1
12,-1
55,-1
3,-1
48,-1
25,-1
11,-1
6,-1
78,-1
85,-1
49,-1
4,-1
35,-1
34,-1
49,-1
128,-1
287,-1
18,-1
426,-1
153,-1
14,-1
40,-1
44,-1
5,-1
202,-1
31,-1
47,-1
79,-1
98,-1
3,-1
69,-1
16,-1
81,-1
14,-1
52,-1
29,-1
225,-1
5,-1
145,-1
313,-1
39,-1
329,-1
97,-1
6,-1
93,-1
23,-1
3,1
15,-1
26,-1
7,-1
43,-1
40,-1
60,-1
23,-1
20,-1
89,-1
293,-1
7,-1
315,-1
5,-1
165,-1
24,-1
23,-1
29,-1
174,-1
80,-1
227,-1
49,-1
21,1
162,-1
42,-1
187,-1
87,-1
5,-1
6,-1
27,-1
8,-1
35,-1
519,-1
14,-1
243,-1
5,-1
12,-1
281,-1
362,-1
25,-1
19,-1
20,-1
32,-1
40,-1
30,-1
17,-1
29,-1
178,-1
315,-1
39,-1
32,-1
565,-1
37,-1
56,-1
301,-1
465,-1
4,-1
399,-1
20,-1
64,-1
20,-1
20,-1
6,-1
6,-1
6,-1
10,-1
256,-1
47,-1
14,-1
7,-1
5,-1
197,-1
10,-1
31,-1
97,-1
306,-1
3,1
35,-1
38,-1
336,-1
17,-1
16,-1
43,-1
126,-1
9,-1
220,-1
19,1
469,-1
51,-1
5,-1
36,-1
49,-1
119,-1
27,-1
27,-1
47,-1
4,-1
11,-1
23,-1
110,-1
24,-1
480,-1
318,-1
9,1
63,-1
26,-1
39,-1
3,1
348,-1
27,-1
123,-1
6,-1
18,-1
18,-1
5,-1
311,-1
83,-1
58,-1
55,-1
18,-1
14,-1
153,-1
29,-1
52,-1
43,-1
21,-1
62,-1
104,-1
3,-1
24,-1
14,-1
8,-1
5,-1
14,-1
79,-1
22,-1
35,-1
16,-1
309,-1
10,-1
2,-1
216,-1
26,-1
36,-1
57,-1
54,-1
11,-1
325,-1
28,-1
32,-1
151,-1
13,-1
211,-1
95,-1
72,-1
64,-1
53,-1
187,-1
77,-1
90,-1
69,-1
71,-1
30,-1
26,-1
75,-1
32,-1
452,-1
27,-1
4,1
41,-1
4,-1
42,-1
192,-1
36,-1
21,-1
411,-1
14,-1
4,-1
31,-1
31,-1
58,-1
37,-1
64,-1
205,-1
46,-1
43,-1
9,-1
3,1
32,-1
278,-1
37,-1
151,-1
5,-1
229,-1
4,-1
26,-1
404,-1
14,-1
555,-1
155,-1
480,-1
104,-1
484,-1
100,-1
58,-1
37,-1
6,-1
20,-1
73,-1
35,-1
55,-1
54,-1
12,-1
99,1
40,-1
65,-1
9,-1
3,-1
19,-1
121,-1
37,-1
301,-1
54,-1
13,-1
35,-1
188,-1
39,-1
76,-1
558,-1
55,-1
38,-1
37,-1
6,1
40,-1
26,-1
260,-1
10,-1
76,-1
10,-1
22,-1
30,-1
197,1
3,-1
17,-1
259,-1
123,-1
163,-1
4,-1
33,-1
29,-1
199,-1
283,-1
97,-1
22,-1
492,-1
123,-1
13,-1
38,1
49,-1
8,-1
67,-1
19,-1
11,-1
15,-1
11,-1
35,-1
30,-1
15,-1
15,-1
83,-1
21,-1
66,-1
31,1
30,1
15,1
445,1
430,1
3,1
64,-1
121,-1
21,1
76,-1
14,-1
14,-1
47,1
59,1
15,-1
11,1
156,-1
11,-1
43,1
37,-1
113,1
17,-1
33,-1
21,-1
31,-1
19,-1
12,-1
46,-1
4,-1
13,-1
123,-1
483,-1
26,-1
8,-1
132,-1
12,-1
183,-1
47,-1
16,-1
274,-1
12,-1
97,-1
9,-1
50,-1
42,-1
48,-1
9,1
10,-1
103,-1
32,-1
108,-1
20,-1
55,-1
45,-1
19,1
69,-1
220,-1
35,-1
54,-1
8,1
54,-1
115,-1
126,-1
368,-1
96,-1
13,-1
88,-1
39,-1
12,-1
11,-1
14,-1
270,-1
3,1
65,-1
12,-1
104,-1
8,-1
21,-1
10,-1
146,1
188,-1
26,-1
3,-1
5,-1
342,-1
3,-1
100,1
5,-1
55,-1
11,-1
55,-1
87,-1
38,-1
30,-1
101,-1
20,-1
22,-1
10,-1
240,-1
40,-1
17,-1
85,-1
28,-1
18,-1
119,-1
156,-1
130,-1
25,-1
147,-1
9,-1
87,-1
15,-1
390,-1
21,-1
159,-1
39,-1
49,-1
33,-1
7,-1
231,-1
32,-1
3,-1
3,-1
188,-1
23,-1
374,-1
32,-1
23,-1
163,-1
575,-1
88,-1
75,-1
19,-1
19,-1
23,-1
242,-1
41,-1
34,-1
12,-1
12,-1
70,1
37,-1
32,-1
20,-1
19,-1
40,-1
42,-1
39,-1
38,-1
406,-1
125,-1
17,-1
37,-1
29,-1
312,-1
99,-1
21,-1
2,1
291,-1
144,-1
213,1
15,-1
65,-1
73,-1
48,-1
6,1
91,-1
52,-1
36,-1
11,-1
44,-1
62,-1
68,1
88,-1
375,1
45,-1
11,-1
212,-1
566,-1
59,-1
76,-1
29,-1
10,-1
51,-1
96,-1
17,-1
90,-1
111,-1
174,-1
25,-1
3,1
27,-1
4,-1
78,-1
62,-1
81,-1
102,-1
243,-1
5,-1
39,-1
4,1
232,-1
62,-1
491,-1
100,-1
23,-1
25,-1
13,-1
60,-1
21,-1
43,-1
91,-1
402,-1
28,-1
74,-1
15,-1
61,-1
156,-1
220,-1
39,-1
13,-1
121,-1
149,-1
423,-1
175,-1
17,-1
21,1
18,-1
15,-1
14,-1
217,-1
73,-1
581,-1
176,-1
16,-1
16,-1
234,1
518,-1
14,-1
223,-1
245,-1
8,-1
2,1
28,-1
395,-1
65,-1
12,1
151,-1
51,-1
351,-1
45,-1
25,-1
15,-1
17,-1
10,-1
7,-1
230,-1
5,-1
41,-1
71,-1
17,-1
18,-1
18,-1
23,-1
6,-1
85,-1
59,-1
16,-1
157,-1
4,-1
17,-1
4,-1
207,-1
80,-1
358,-1
509,-1
24,-1
335,-1
82,-1
71,-1
71,-1
27,-1
5,-1
10,-1
206,-1
213,-1
73,-1
40,-1
42,1
74,-1
4,-1
34,-1
24,-1
76,-1
198,-1
504,-1
14,-1
93,-1
308,-1
31,-1
189,-1
21,-1
63,-1
5,-1
98,-1
565,-1
9,-1
42,-1
50,-1
6,-1
25,-1
21,-1
8,-1
2,-1
141,-1
5,-1
17,-1
174,-1
96,-1
230,-1
18,-1
15,-1
72,-1
198,-1
6,-1
35,-1
304,-1
174,-1
39,-1
204,1
3,-1
4,1
28,-1
8,-1
27,-1
79,-1
14,-1
4,-1
127,-1
25,-1
347,-1
19,-1
94,-1
17,-1
9,-1
89,-1
462,1
15,-1
17,-1
276,1
5,-1
359,-1
33,-1
13,-1
13,-1
99,-1
43,-1
7,-1
44,-1
11,-1
14,-1
157,-1
21,-1
4,-1
176,-1
125,-1
238,-1
9,-1
14,-1
66,-1
19,-1
4,-1
216,-1
265,-1
24,-1
204,-1
16,-1
5,-1
154,-1
17,-1
119,-1
595,-1
30,-1
4,-1
100,-1
157,-1
533,1
215,-1
12,-1
19,-1
44,-1
17,-1
18,-1
197,-1
40,-1
13,-1
303,-1
34,-1
7,-1
13,-1
16,-1
32,-1
344,-1
37,-1
72,-1
196,-1
18,-1
4,-1
29,-1
26,-1
59,-1
7,-1
14,-1
199,-1
44,-1
4,-1
246,-1
9,-1
16,-1
3,-1
358,-1
19,-1
4,-1
31,-1
205,-1
124,-1
115,-1
98,-1
89,-1
205,-1
358,-1
594,-1
2,-1
13,-1
31,-1
31,-1
545,-1
26,-1
61,-1
18,-1
87,-1
19,-1
17,-1
116,-1
19,-1
23,-1
453,-1
23,-1
55,-1
192,-1
55,-1
89,-1
6,-1
86,-1
3,-1
333,-1
40,-1
5,-1
25,-1
12,-1
91,-1
56,-1
21,-1
80,-1
59,-1
129,-1
37,-1
64,-1
5,-1
173,-1
31,-1
14,-1
4,-1
519,-1
10,-1
82,-1
27,-1
29,-1
199,-1
327,-1
11,-1
72,-1
48,-1
87,-1
224,-1
94,-1
207,-1
103,-1
4,-1
247,-1
134,-1
488,-1
31,-1
24,-1
3,1
74,-1
22,1
4,-1
28,-1
8,-1
22,1
164,-1
65,1
4,-1
15,-1
33,-1
163,-1
20,-1
10,-1
5,-1
32,-1
98,-1
11,-1
15,-1
216,1
20,-1
21,-1
25,1
88,-1
409,-1
5,1
6,-1
22,-1
259,-1
167,-1
31,-1
10,-1
423,-1
160,-1
40,-1
86,-1
35,-1
16,-1
9,-1
206,-1
8,-1
96,-1
6,-1
23,-1
23,-1
99,-1
55,-1
10,-1
14,-1
118,-1
14,-1
149,-1
42,-1
3,-1
16,-1
33,1
12,-1
54,1
24,1
27,1
151,1
14,-1
7,1
28,1
99,-1
17,-1
312,1
29,1
351,1
83,1
43,1
17,1
12,-1
581,-1
349,1
70,1
93,1
394,1
22,1
28,1
208,-1
11,-1
44,-1
33,-1
205,-1
50,-1
41,-1
18,-1
27,-1
32,-1
4,-1
137,-1
92,-1
65,-1
24,-1
110,-1
16,-1
55,-1
351,-1
6,1
6,-1
199,-1
45,-1
39,-1
3,-1
34,-1
22,-1
29,-1
40,-1
7,-1
83,-1
35,-1
106,-1
74,-1
328,-1
34,-1
227,-1
30,-1
16,-1
32,-1
509,-1
6,1
305,1
43,1
8,-1
16,-1
533,1
16,-1
31,-1
61,-1
203,-1
319,-1
61,-1
13,-1
4,-1
9,-1
279,-1
11,-1
139,-1
47,-1
81,-1
18,-1
95,-1
53,-1
358,1
9,-1
56,-1
42,-1
4,-1
348,-1
35,-1
90,-1
38,-1
101,-1
85,-1
64,-1
441,-1
70,-1
65,-1
18,-1
154,-1
44,-1
48,-1
14,-1
424,-1
17,-1
100,-1
68,-1
48,-1
576,-1
26,-1
21,-1
27,-1
70,-1
29,-1
23,-1
176,-1
405,-1
22,-1
52,-1
271,-1
6,-1
338,-1
412,-1
122,-1
88,-1
261,-1
3,-1
34,-1
10,-1
18,-1
33,-1
69,-1
26,-1
21,-1
3,-1
44,-1
10,-1
106,-1
15,-1
5,-1
97,-1
105,-1
46,-1
5,-1
11,-1
19,-1
67,-1
10,-1
12,-1
273,-1
61,-1
47,-1
183,-1
184,-1
378,-1
228,-1
75,-1
3,1
39,-1
28,-1
11,-1
46,-1
204,-1
18,-1
118,-1
66,-1
50,-1
9,-1
100,-1
15,-1
56,-1
16,-1
42,-1
333,-1
25,-1
9,-1
98,-1
50,-1
26,-1
34,-1
101,1
277,-1
92,-1
3,1
165,-1
5,-1
55,-1
24,-1
269,-1
7,-1
12,-1
83,-1
15,-1
50,-1
13,-1
8,-1
345,-1
17,-1
29,-1
77,-1
39,-1
61,-1
140,-1
167,-1
51,-1
46,-1
126,-1
159,-1
6,-1
33,-1
15,-1
110,-1
195,-1
188,-1
33,-1
17,-1
10,-1
37,-1
16,-1
11,-1
3,-1
490,-1
8,-1
48,-1
25,-1
99,-1
306,-1
74,-1
23,-1
215,-1
2,-1
47,-1
23,-1
170,-1
13,-1
150,-1
136,-1
18,-1
22,-1
4,-1
21,1
331,-1
14,-1
173,-1
14,-1
105,-1
54,-1
3,1
31,-1
462,-1
127,-1
109,-1
15,-1
343,-1
35,-1
488,-1
39,-1
124,-1
14,-1
240,-1
76,-1
38,-1
16,-1
225,-1
23,-1
18,-1
323,-1
37,-1
51,-1
44,-1
6,-1
248,-1
102,-1
407,-1
24,-1
470,-1
2,-1
28,-1
91,-1
6,-1
44,-1
11,-1
163,-1
18,-1
22,-1
4,-1
287,-1
46,-1
65,-1
28,-1
6,-1
292,-1
22,-1
20,-1
13,-1
14,-1
322,-1
5,-1
10,-1
68,-1
80,-1
10,-1
50,-1
6,1
5,-1
20,-1
23,-1
177,-1
5,-1
142,-1
94,-1
55,-1
27,-1
20,-1
182,-1
47,-1
16,-1
36,-1
568,-1
17,-1
46,-1
582,-1
3,-1
197,1
17,-1
124,-1
4,-1
121,-1
57,-1
5,1
348,-1
132,-1
3,-1
19,-1
97,-1
4,-1
26,-1
27,-1
69,-1
23,-1
36,-1
28,-1
24,-1
125,-1
101,-1
57,1
7,-1
32,1
165,1
115,1
5,-1
26,1
85,1
15,1
39,-1
239,1
198,1
3,1
332,-1
27,1
80,-1
150,1
19,-1
96,1
5,1
4,-1
9,1
254,1
190,-1
84,-1
74,-1
5,-1
87,-1
16,-1
25,-1
30,-1
21,-1
5,-1
113,-1
29,-1
18,-1
16,-1
9,-1
44,-1
56,-1
238,-1
23,-1
12,-1
3,-1
446,-1
52,-1
13,-1
269,-1
20,-1
98,-1
215,-1
8,-1
35,-1
8,-1
121,-1
16,-1
24,1
28,-1
24,-1
471,-1
18,-1
6,-1
3,-1
42,-1
4,-1
62,-1
276,-1
367,-1
73,-1
89,-1
10,-1
303,-1
141,-1
50,-1
4,-1
9,-1
462,-1
33,-1
207,-1
32,-1
6,-1
4,-1
218,-1
20,-1
10,-1
3,1
49,-1
276,-1
50,-1
10,-1
30,-1
195,1
36,-1
19,-1
17,-1
26,-1
264,-1
70,-1
55,-1
3,-1
9,-1
548,-1
12,-1
439,-1
318,-1
69,-1
45,-1
6,-1
11,-1
147,-1
11,-1
4,-1
19,-1
17,-1
62,-1
215,-1
3,-1
7,-1
15,-1
48,-1
84,-1
65,-1
20,-1
158,-1
460,-1
21,-1
153,-1
115,-1
12,-1
56,-1
35,-1
87,-1
9,-1
33,-1
197,-1
292,-1
122,-1
250,-1
11,-1
76,-1
21,-1
16,-1
8,-1
15,-1
84,-1
18,-1
220,-1
31,1
4,-1
8,1
219,1
41,-1
257,-1
5,-1
70,-1
47,1
6,-1
58,-1
99,1
36,1
77,-1
73,1
21,-1
186,-1
17,-1
15,-1
157,-1
45,-1
49,1
9,-1
36,1
5,-1
43,-1
272,-1
14,-1
104,-1
32,-1
8,-1
4,-1
42,-1
37,-1
58,-1
515,-1
34,-1
9,-1
214,-1
120,-1
29,-1
23,-1
59,-1
49,-1
142,-1
5,-1
30,-1
26,-1
22,-1
40,-1
3,-1
323,-1
237,-1
44,-1
30,-1
25,-1
4,-1
99,-1
3,-1
70,-1
3,1
89,-1
23,-1
106,-1
299,-1
17,1
234,-1
113,-1
42,-1
13,-1
33,-1
60,-1
32,-1
16,-1
117,-1
27,-1
12,-1
31,-1
16,-1
25,-1
6,-1
4,-1
35,-1
19,-1
3,-1
10,-1
201,-1
35,-1
503,1
4,-1
32,-1
16,-1
156,-1
425,-1
307,-1
53,-1
58,-1
444,-1
96,-1
6,-1
19,-1
5,-1
428,-1
156,-1
126,-1
4,-1
61,-1
164,-1
58,-1
14,-1
16,-1
63,-1
5,-1
89,-1
25,-1
21,-1
38,-1
316,-1
46,-1
383,-1
97,1
21,-1
10,-1
26,-1
9,-1
22,1
7,-1
88,-1
53,1
267,1
12,-1
300,1
18,-1
77,1
5,-1
375,1
74,-1
42,1
103,1
19,1
68,1
52,-1
5,1
29,-1
28,1
60,1
20,-1
66,1
123,1
10,1
131,1
197,1
153,-1
312,-1
5,-1
468,-1
170,-1
115,-1
435,1
14,-1
26,-1
31,-1
27,1
115,-1
358,-1
4,-1
19,-1
47,-1
9,-1
147,-1
19,-1
148,-1
32,1
29,-1
424,1
21,-1
6,-1
29,-1
461,-1
328,-1
19,-1
3,-1
21,-1
25,-1
82,-1
41,-1
5,-1
59,-1
26,-1
251,-1
42,-1
36,-1
53,-1
47,-1
17,-1
111,-1
30,-1
16,-1
68,-1
43,-1
32,-1
40,-1
172,-1
248,-1
43,-1
14,-1
58,-1
41,-1
28,-1
20,-1
16,-1
50,-1
26,-1
16,-1
19,-1
5,-1
6,-1
26,-1
15,-1
44,-1
4,-1
63,-1
4,-1
24,-1
27,-1
31,-1
235,-1
26,1
41,1
5,1
24,1
15,1
31,1
56,1
512,1
462,1
212,1
10,1
152,1
75,1
130,-1
21,1
4,1
215,1
166,1
3,1
22,1
6,1
13,1
21,1
31,1
34,1
177,-1
30,-1
152,-1
26,-1
69,-1
3,1
193,-1
31,-1
196,-1
24,-1
57,-1
20,-1
180,1
11,-1
200,-1
56,-1
14,-1
445,-1
129,-1
271,-1
56,1
90,-1
55,-1
87,-1
26,-1
157,1
107,-1
52,1
135,-1
7,-1
14,1
15,1
451,1
62,-1
44,1
5,-1
3,-1
227,1
54,1
17,1
49,1
15,1
45,-1
62,1
5,-1
44,1
130,1
78,1
4,1
320,1
10,-1
367,-1
26,-1
10,-1
4,-1
133,-1
12,-1
33,-1
24,-1
144,-1
114,-1
20,-1
19,-1
54,-1
45,-1
18,-1
69,-1
62,-1
7,-1
165,-1
325,-1
261,-1
56,-1
12,-1
19,1
34,-1
41,-1
293,1
4,-1
502,-1
313,-1
27,-1
42,1
15,-1
41,-1
271,1
233,1
491,1
8,-1
88,1
67,-1
13,-1
21,1
32,-1
491,1
170,-1
50,1
69,1
15,-1
17,-1
5,-1
70,-1
20,-1
420,-1
26,-1
187,-1
53,-1
11,-1
34,-1
13,1
229,-1
36,-1
129,-1
222,-1
6,-1
26,-1
40,-1
9,-1
288,-1
9,-1
17,-1
6,-1
11,-1
35,-1
362,-1
318,-1
16,-1
140,-1
28,-1
87,-1
23,-1
181,-1
299,-1
4,-1
16,-1
309,-1
150,-1
223,-1
9,-1
3,-1
43,-1
42,-1
29,-1
5,-1
59,-1
20,-1
3,1
11,-1
264,-1
64,-1
11,1
131,1
56,1
333,1
106,1
196,1
39,1
392,1
8,1
57,1
113,-1
17,1
14,1
14,1
30,1
84,1
83,1
17,1
210,1
12,1
21,1
9,1
28,1
5,1
181,1
96,-1
40,-1
26,-1
132,-1
27,-1
33,1
361,-1
122,-1
33,-1
17,-1
47,-1
22,-1
17,-1
4,1
45,-1
40,-1
40,-1
165,-1
51,-1
5,-1
11,-1
257,-1
32,1
160,-1
37,-1
29,-1
3,-1
3,-1
291,-1
71,-1
116,-1
56,-1
52,-1
20,-1
11,-1
29,-1
49,-1
14,-1
45,-1
54,-1
419,-1
71,-1
39,-1
71,-1
7,-1
4,-1
385,-1
41,-1
37,-1
153,-1
574,-1
340,1
21,1
27,1
69,1
41,-1
241,1
28,1
75,1
7,-1
333,1
304,1
63,1
56,-1
49,-1
52,1
3,-1
22,1
390,1
13,1
262,1
18,1
20,1
17,1
11,1
44,-1
24,-1
4,-1
91,1
23,-1
36,-1
58,-1
391,-1
16,-1
96,-1
3,-1
168,-1
85,-1
20,-1
5,-1
238,-1
53,-1
310,-1
78,-1
41,-1
9,-1
14,-1
33,-1
56,-1
3,1
310,1
25,1
319,1
187,1
22,1
14,1
155,1
4,-1
3,-1
34,1
12,1
31,1
34,1
34,1
39,1
12,1
587,-1
147,-1
116,1
361,1
72,1
48,1
12,1
15,1
42,1
29,1
35,1
383,1
4,-1
4,1
47,1
18,1
153,1
15,-1
21,1
76,1
104,1
29,-1
23,-1
32,-1
150,-1
13,-1
147,-1
16,-1
51,-1
26,1
19,-1
355,-1
26,1
45,1
11,1
43,-1
361,1
87,1
103,-1
21,1
191,1
238,1
104,-1
6,-1
3,-1
96,1
41,-1
14,-1
86,1
29,-1
47,1
72,1
14,1
28,-1
35,-1
224,-1
97,-1
53,1
300,1
163,-1
241,-1
181,-1
419,-1
32,-1
20,-1
59,-1
15,-1
29,-1
19,1
6,-1
21,-1
86,-1
295,-1
14,-1
3,-1
35,-1
5,-1
111,-1
89,-1
24,-1
54,-1
68,-1
74,-1
5,-1
12,-1
16,1
203,-1
21,-1
254,-1
517,-1
17,-1
22,-1
42,-1
16,-1
79,-1
32,-1
450,-1
26,-1
513,-1
14,-1
16,-1
44,-1
216,-1
113,-1
21,-1
16,-1
23,-1
51,-1
12,-1
9,-1
149,-1
5,-1
3,1
391,-1
155,-1
32,-1
175,-1
547,-1
49,-1
183,-1
55,-1
344,-1
79,-1
39,-1
41,-1
3,-1
176,-1
7,-1
236,-1
13,-1
13,-1
104,-1
132,-1
51,-1
46,1
6,1
38,1
124,1
12,1
37,1
20,1
59,1
38,1
19,1
18,1
143,1
83,1
13,1
215,1
536,1
25,1
65,1
28,1
330,1
9,1
40,1
4,1
27,1
5,1
26,1
7,1
9,1
33,1
23,1
223,1
149,1
16,1
172,1
20,1
23,1
56,1
35,1
18,1
484,1
16,1
40,1
27,1
114,1
36,1
3,1
19,1
312,1
251,1
97,1
35,-1
102,1
426,1
97,1
231,1
59,1
81,1
4,1
49,1
42,1
12,1
224,-1
27,1
3,1
47,1
25,1
57,1
108,1
262,1
108,1
270,1
7,1
75,1
41,1
38,1
95,1
161,1
46,1
31,1
269,1
45,1
8,1
57,1
364,1
6,1
31,1
2,1
41,1
46,1
34,1
19,1
40,1
25,1
21,1
79,1
97,1
14,1
8,1
215,1
408,1
290,1
93,1
204,1
4,1
16,1
210,1
28,1
100,1
14,1
71,1
81,1
89,1
5,-1
22,1
41,1
29,1
23,1
25,1
18,1
20,1
22,1
100,1
12,1
70,1
26,1
236,1
66,1
189,1
30,1
423,1
70,1
52,1
31,1
465,1
13,1
41,1
27,1
529,1
14,1
40,1
412,1
5,1
42,1
23,1
51,1
35,1
40,1
153,-1
115,1
2,1
17,1
584,1
55,1
10,1
60,1
164,1
61,1
44,1
324,1
5,1
89,1
39,1
60,1
191,1
39,1
18,1
5,1
33,1
40,1
14,1
176,1
578,-1
38,1
7,1
57,1
46,1
5,1
52,1
17,1
227,1
418,1
232,1
44,1
353,1
11,1
242,1
12,1
10,1
13,1
275,1
12,1
158,1
66,1
229,1
4,1
57,1
4,1
38,1
26,1
526,1
85,1
53,1
27,1
15,1
225,1
11,1
536,1
112,1
4,1
11,1
20,1
46,1
22,1
32,1
129,1
6,1
81,1
8,1
5,-1
28,1
6,1
3,1
54,1
18,1
67,1
366,1
104,1
224,1
217,1
32,1
41,1
27,1
20,1
29,1
47,1
2,-1
72,-1
48,1
429,1
426,1
19,1
160,1
22,1
44,1
116,1
38,1
5,1
12,1
42,1
7,-1
63,1
114,1
47,1
4,1
123,1
2,1
25,1
89,1
345,1
29,1
36,1
39,1
30,1
221,1
43,1
12,1
55,1
102,1
254,1
85,1
36,1
597,1
52,-1
16,1
205,1
49,1
3,1
55,1
7,1
10,1
90,1
104,1
7,1
200,1
56,1
180,1
17,1
18,1
28,1
25,1
315,1
39,1
66,1
4,-1
31,1
5,1
52,-1
184,1
16,1
50,1
16,1
273,1
62,1
33,1
11,1
204,1
406,1
87,1
36,1
38,1
101,1
4,1
17,1
554,1
23,1
75,1
4,1
144,1
22,1
357,1
65,1
491,1
71,1
240,1
34,1
455,1
346,1
17,1
19,1
28,1
38,1
328,1
140,1
20,1
41,1
20,1
7,1
28,1
15,-1
6,1
15,1
14,1
42,1
18,1
240,-1
49,1
87,1
312,1
38,1
93,1
20,1
26,1
31,1
15,1
33,1
29,1
22,1
333,1
87,1
175,1
24,1
192,1
4,1
25,1
82,1
53,1
27,1
5,1
44,1
5,1
56,1
19,1
377,1
124,1
45,1
159,1
61,1
73,1
93,1
27,1
26,1
82,1
31,1
31,1
7,1
6,1
186,1
26,1
8,1
36,1
581,1
28,1
33,1
98,1
436,1
61,-1
214,1
43,1
6,-1
4,1
30,1
6,1
108,1
89,1
32,1
5,-1
10,1
329,1
19,1
65,1
35,1
391,1
51,1
69,-1
20,1
4,1
23,1
259,1
48,1
232,1
439,1
49,1
49,1
56,1
35,1
7,1
9,1
172,1
20,1
40,1
281,1
51,1
333,1
16,1
25,1
24,1
23,1
87,1
118,1
17,1
37,1
380,1
44,1
23,1
142,1
13,1
20,1
92,1
18,1
23,1
54,1
32,1
84,1
5,1
53,1
15,1
217,1
3,-1
80,1
11,1
26,1
13,1
72,1
171,1
18,1
10,-1
145,1
18,1
26,1
28,1
14,1
4,1
285,1
29,1
13,1
22,1
66,-1
447,1
36,1
36,-1
26,1
29,1
37,1
155,1
113,1
32,1
109,1
20,1
25,1
24,1
28,1
34,1
26,1
22,1
5,1
28,1
79,1
75,1
35,1
46,1
43,1
90,1
64,1
14,1
34,1
47,1
186,1
67,1
53,-1
7,1
33,1
55,1
304,1
33,1
18,1
272,1
9,1
62,-1
369,1
41,1
28,1
20,1
40,1
45,1
43,1
131,-1
4,1
6,-1
100,-1
19,-1
24,1
56,-1
36,-1
9,1
80,-1
37,-1
110,-1
48,-1
240,-1
101,-1
37,-1
56,-1
43,-1
12,-1
34,-1
2,1
79,1
272,-1
97,-1
33,-1
369,1
71,1
45,1
31,1
35,1
174,1
10,1
29,1
34,1
66,-1
37,1
45,1
31,1
29,1
57,1
23,1
97,1
14,1
28,1
72,1
28,1
20,1
318,1
9,1
37,1
77,1
574,1
97,1
5,1
5,1
115,1
29,1
21,1
25,1
14,1
25,1
13,1
80,1
32,1
56,1
35,1
337,1
570,-1
20,1
5,1
73,1
62,1
355,1
19,1
43,1
37,1
365,1
34,1
87,1
32,1
27,1
3,1
51,1
17,1
3,1
40,1
8,-1
120,1
64,1
298,1
17,1
88,-1
75,1
26,1
242,1
19,1
222,1
23,1
303,1
13,1
6,1
76,-1
175,1
45,1
62,1
52,1
120,-1
199,1
99,1
62,1
12,1
12,1
53,1
149,-1
19,1
172,1
83,-1
13,1
8,1
47,1
145,1
37,1
77,-1
55,1
27,1
178,1
14,1
14,1
494,1
72,1
54,1
22,1
32,1
173,1
50,1
409,1
44,1
70,-1
253,1
177,1
20,1
63,1
5,1
4,1
108,1
126,1
25,1
39,1
195,1
52,1
146,1
124,1
71,1
83,1
128,1
255,1
25,1
13,1
5,1
75,1
297,-1
27,1
43,1
24,1
47,1
53,1
60,1
255,1
5,1
20,1
364,1
403,1
129,1
365,1
82,1
33,1
435,1
6,1
42,1
20,1
60,1
54,1
259,1
4,1
20,1
48,1
17,1
15,1
401,1
145,1
15,1
17,1
48,1
47,1
27,1
2,-1
244,1
24,1
22,1
22,1
438,1
59,1
30,-1
24,1
26,1
29,1
17,1
90,1
17,1
323,1
19,1
3,-1
4,1
6,1
111,1
12,1
8,1
25,1
46,1
23,1
55,1
19,1
139,1
5,1
26,1
49,1
118,1
28,1
40,1
23,1
12,1
67,1
42,1
46,1
8,-1
13,1
121,1
148,1
41,1
13,1
300,1
67,1
78,1
178,1
5,1
36,1
332,1
300,1
18,1
14,1
41,1
12,1
41,1
43,1
160,-1
38,1
147,1
41,1
30,1
21,1
4,1
17,1
52,1
129,1
15,1
78,1
30,1
32,1
19,1
95,1
21,1
191,1
178,1
18,1
6,1
30,1
32,1
107,1
43,1
299,1
46,1
68,1
101,1
36,1
41,1
145,1
123,1
14,1
130,1
89,1
435,1
590,1
46,1
17,1
36,1
11,1
155,1
162,1
25,1
18,1
27,1
330,1
22,1
392,1
122,1
33,1
122,1
240,1
5,1
35,1
37,1
29,1
28,1
13,1
190,1
4,1
52,1
48,1
61,1
26,1
13,1
20,1
20,1
144,1
4,1
15,1
226,1
44,1
23,1
46,1
196,1
34,1
22,1
87,1
37,1
23,1
6,-1
405,1
40,1
37,1
75,1
52,1
74,1
23,1
43,1
236,1
14,1
23,-1
25,1
429,-1
17,1
32,1
20,1
288,1
262,1
23,1
24,1
181,1
38,1
56,1
24,1
24,1
41,1
7,1
376,1
3,1
514,1
151,1
11,1
45,1
3,1
41,1
4,1
10,1
82,1
39,1
2,1
8,-1
27,1
220,1
25,1
16,1
93,-1
20,1
64,1
158,1
44,1
319,1
306,1
60,1
421,1
28,1
172,1
124,1
595,-1
65,1
47,1
54,1
107,1
17,-1
60,1
6,1
146,-1
128,1
11,1
5,1
18,1
56,1
29,1
233,1
65,1
63,-1
24,1
37,1
65,1
92,1
4,1
115,1
75,1
46,1
4,1
4,-1
374,1
20,1
35,1
427,1
46,1
407,1
3,-1
313,1
79,-1
143,1
305,1
31,1
30,1
57,1
64,1
59,1
23,1
28,1
18,1
21,1
95,1
51,1
53,1
25,1
6,1
22,1
33,1
142,1
11,1
46,1
21,1
546,1
5,1
121,1
209,1
24,1
87,1
87,-1
19,1
39,1
15,1
10,1
18,1
88,1
60,1
178,1
54,1
156,1
13,1
45,1
21,1
15,1
87,1
347,1
31,-1
23,-1
93,-1
27,1
14,1
44,1
6,1
38,1
9,1
116,-1
29,1
37,1
66,1
36,1
47,-1
270,-1
4,-1
39,1
4,1
115,1
25,1
30,1
28,1
50,-1
81,1
8,1
56,1
173,1
183,1
82,1
52,1
11,-1
48,1
14,1
16,1
38,1
17,1
63,1
14,1
39,1
24,1
23,1
238,1
137,1
27,1
137,-1
26,1
19,1
34,1
17,1
10,1
180,1
266,1
425,1
88,1
250,1
41,1
37,1
5,1
33,1
158,1
4,1
260,1
44,1
9,1
97,1
70,-1
77,1
510,1
17,1
16,1
63,1
32,1
5,1
6,1
159,1
4,1
27,-1
75,1
50,1
331,1
313,1
5,1
19,1
12,1
234,1
68,1
20,1
214,1
96,1
37,1
69,1
222,1
155,-1
11,1
48,1
22,1
18,1
31,1
40,-1
78,-1
123,-1
10,1
89,-1
112,-1
36,-1
339,-1
26,-1
395,-1
209,-1
5,-1
187,-1
24,-1
90,-1
27,-1
30,-1
69,-1
44,-1
39,-1
21,1
21,-1
69,-1
19,-1
2,1
481,-1
22,-1
8,1
29,1
30,-1
6,1
70,-1
53,1
5,-1
38,-1
9,1
4,1
67,-1
11,-1
89,1
137,-1
49,-1
66,-1
22,-1
129,-1
40,-1
458,-1
31,-1
23,-1
88,-1
4,1
40,1
88,1
14,1
30,1
134,1
30,1
460,1
84,1
5,1
20,1
22,1
86,1
72,1
142,1
439,1
351,1
5,1
77,1
19,1
213,-1
57,1
245,1
112,1
3,1
65,1
486,1
114,1
52,-1
4,1
81,-1
89,1
99,1
170,1
49,1
39,1
583,-1
3,-1
52,-1
70,1
19,1
20,1
293,1
21,1
102,1
40,1
41,1
2,1
53,1
30,1
18,1
6,1
65,1
115,1
321,1
35,1
55,1
99,1
24,1
21,1
3,1
508,1
11,1
57,1
31,1
14,1
42,1
32,1
30,1
55,1
27,-1
216,1
37,1
61,1
44,1
12,-1
2,1
4,1
10,1
55,1
170,1
330,1
9,1
35,1
49,1
43,1
17,1
96,1
159,1
14,1
64,1
75,1
30,1
49,1
210,1
40,1
327,1
5,1
35,1
26,1
63,1
461,1
11,1
14,1
35,1
40,1
38,1
76,1
54,-1
188,1
31,-1
327,-1
5,1
18,1
282,1
511,1
107,1
43,-1
370,1
218,1
38,-1
12,1
28,1
211,-1
11,1
33,1
335,1
76,1
81,-1
56,1
23,1
136,1
15,1
66,1
28,1
35,1
76,1
19,1
3,1
6,1
20,1
191,1
5,1
146,1
210,1
126,1
18,1
16,1
3,1
20,1
113,1
48,1
156,1
83,1
165,1
4,1
35,1
40,1
140,1
83,1
45,1
127,1
349,1
52,1
254,1
90,1
29,1
79,1
167,1
21,1
97,1
119,1
6,1
87,1
21,1
22,1
178,-1
76,-1
3,-1
149,-1
275,1
397,1
295,1
20,1
151,1
254,1
11,1
13,1
34,1
4,1
74,1
39,1
196,-1
243,1
55,1
19,1
35,1
31,1
8,1
17,1
22,1
5,1
96,1
66,1
29,1
32,1
428,1
6,1
13,1
144,1
3,1
20,1
49,1
39,1
235,1
61,1
42,1
113,1
4,1
34,1
18,1
201,1
7,1
45,1
7,1
157,1
42,1
80,1
32,1
166,1
25,1
26,1
485,1
43,1
352,1
132,1
6,1
14,1
89,-1
30,1
61,1
17,1
54,1
33,1
25,1
3,1
42,1
8,1
55,1
8,1
32,1
336,1
21,1
20,1
53,1
153,1
39,1
18,1
7,1
31,1
73,-1
13,1
39,1
2,-1
161,1
21,1
303,1
264,1
37,1
62,1
77,1
24,1
461,1
37,1
13,1
367,-1
214,-1
29,-1
5,1
42,-1
40,-1
148,-1
3,1
146,1
102,-1
79,-1
215,-1
36,-1
77,-1
100,-1
24,-1
543,-1
78,-1
89,-1
161,-1
245,-1
61,1
274,-1
116,-1
23,-1
52,1
21,1
81,1
132,1
112,1
350,1
5,1
61,1
191,1
266,1
26,1
9,1
26,1
35,1
22,1
47,1
18,1
158,1
200,1
25,1
19,1
89,1
96,1
15,1
25,1
17,1
4,1
37,1
48,1
49,1
76,1
149,1
292,1
31,1
12,1
39,1
31,1
29,1
463,1
73,1
541,1
78,1
165,1
99,1
354,1
6,1
22,1
83,1
32,1
149,1
33,1
317,1
35,1
3,1
24,1
32,1
34,1
29,1
12,1
3,1
18,1
514,1
142,1
116,1
49,1
155,1
528,1
5,1
34,1
70,1
19,1
31,1
82,1
229,1
5,1
35,1
177,1
5,1
4,1
126,1
45,1
60,1
33,1
25,1
91,1
25,1
31,1
28,1
40,1
307,-1
13,1
33,1
3,1
159,1
15,1
48,1
22,1
313,1
24,1
4,1
34,1
26,1
451,1
70,-1
17,1
35,1
463,1
79,-1
55,1
90,1
23,1
3,-1
59,1
120,1
6,1
40,1
542,1
8,1
21,1
32,1
234,1
75,1
30,1
74,-1
29,1
155,1
78,1
49,-1
144,-1
127,1
6,1
5,1
158,-1
59,1
22,1
2,1
27,1
26,-1
12,1
18,1
96,1
342,1
278,-1
4,1
60,-1
117,1
31,1
7,1
32,1
251,1
20,1
195,1
55,1
49,1
84,1
124,1
17,1
49,1
496,1
109,1
39,1
23,1
22,1
6,1
10,1
10,1
44,1
22,1
46,1
7,1
239,1
32,1
21,1
5,1
100,1
136,-1
22,1
43,1
68,1
69,1
4,1
188,1
358,1
6,1
31,1
19,1
3,1
72,1
52,1
241,1
15,1
96,1
157,1
29,1
58,1
6,1
87,1
4,1
14,1
26,1
77,1
16,1
110,1
79,1
114,1
8,1
47,1
60,-1
39,1
225,1
13,1
40,1
3,1
46,1
21,1
12,1
382,1
24,1
3,1
20,1
45,1
19,1
178,1
8,1
59,1
28,-1
4,1
373,-1
240,-1
5,-1
42,-1
413,-1
66,-1
47,-1
2,1
31,-1
7,1
19,-1
132,-1
31,-1
101,-1
45,-1
52,-1
99,1
39,-1
17,-1
10,-1
276,-1
19,-1
50,-1
267,-1
42,1
62,1
5,-1
78,1
31,1
420,1
67,1
32,1
20,-1
9,1
74,1
161,1
23,-1
20,1
6,1
32,1
107,1
97,1
184,1
53,1
197,-1
5,1
28,1
26,1
24,1
36,1
58,1
14,1
8,1
5,1
191,1
3,-1
27,1
104,1
444,1
303,-1
31,1
35,1
44,1
79,1
4,1
39,1
79,1
580,1
10,-1
74,-1
141,1
10,1
316,1
231,-1
42,1
432,1
69,1
98,1
27,1
34,1
20,1
43,-1
23,-1
415,1
24,1
65,1
27,1
76,1
8,1
33,1
320,1
19,1
17,1
272,1
8,1
29,1
5,1
24,1
11,1
16,-1
399,-1
314,-1
54,-1
149,1
37,-1
7,-1
36,-1
73,-1
149,-1
2,1
90,-1
82,-1
21,-1
203,-1
62,-1
202,-1
43,-1
12,-1
77,-1
50,-1
10,-1
40,-1
63,-1
16,-1
74,-1
153,-1
278,-1
4,-1
4,1
30,-1
183,-1
26,-1
27,-1
46,-1
41,-1
260,-1
325,-1
71,-1
16,-1
339,-1
58,-1
28,-1
51,-1
13,-1
8,-1
4,-1
28,-1
131,1
8,-1
44,-1
76,-1
153,-1
30,-1
18,-1
54,-1
4,-1
21,-1
19,-1
4,1
55,-1
75,-1
66,-1
154,-1
23,-1
27,-1
18,-1
49,-1
367,-1
20,1
34,-1
19,-1
59,-1
14,-1
105,1
461,1
34,-1
4,1
21,1
30,-1
48,-1
16,-1
3,-1
66,1
8,-1
190,1
17,1
182,1
32,1
32,1
28,-1
182,1
51,1
111,-1
93,1
31,1
98,1
41,1
5,1
29,-1
31,-1
54,-1
29,-1
33,1
75,-1
59,1
36,-1
55,-1
25,-1
260,1
29,-1
12,-1
6,-1
365,1
14,-1
394,-1
5,1
18,-1
26,-1
97,1
168,-1
119,-1
169,-1
45,-1
146,-1
119,-1
39,1
115,-1
159,1
83,-1
4,1
31,1
20,-1
60,-1
3,1
311,-1
27,1
10,-1
45,-1
420,-1
22,-1
83,1
70,-1
41,-1
91,-1
49,1
15,-1
28,-1
25,-1
117,1
20,1
4,1
6,-1
197,1
98,1
308,1
137,1
118,1
36,1
39,1
234,-1
457,1
57,1
41,1
95,1
49,1
97,1
41,1
21,1
18,1
73,1
17,-1
14,1
20,1
63,1
16,1
84,1
52,-1
191,1
111,1
15,1
2,1
7,1
18,1
93,1
84,1
28,1
359,1
313,1
290,1
5,1
98,1
12,1
28,1
148,1
7,1
43,1
12,1
497,1
149,1
13,-1
77,-1
350,-1
10,-1
28,-1
358,-1
4,-1
35,-1
30,-1
45,-1
186,-1
318,-1
8,-1
193,-1
99,-1
54,-1
22,-1
136,-1
34,-1
33,-1
16,-1
368,-1
40,-1
40,-1
103,1
17,1
26,1
540,1
37,1
168,1
35,1
37,1
19,1
56,1
433,1
21,1
26,1
34,1
42,1
5,-1
34,1
429,1
26,1
29,1
17,1
12,1
17,1
510,1
35,1
31,1
60,1
20,1
64,1
226,1
15,1
6,1
20,1
61,1
147,1
20,1
6,1
54,1
75,1
19,1
45,1
6,-1
130,1
490,1
139,1
69,1
53,1
9,1
29,1
287,1
3,1
125,1
111,1
125,1
277,-1
180,1
23,1
92,1
30,1
153,1
20,1
9,1
60,1
20,1
20,1
5,1
18,1
24,1
41,1
38,-1
59,1
49,1
71,-1
352,-1
84,1
93,1
6,1
97,1
22,1
571,1
7,1
440,1
169,1
115,1
6,1
224,1
39,1
28,1
217,1
53,1
6,1
53,1
114,1
38,1
543,1
18,1
9,1
12,1
43,1
14,1
52,-1
32,-1
70,-1
7,-1
190,-1
85,-1
46,-1
17,1
21,1
4,-1
34,-1
268,-1
37,-1
29,-1
5,1
60,-1
63,-1
339,-1
70,-1
16,-1
387,-1
165,-1
5,1
25,1
68,-1
53,-1
163,-1
12,1
74,1
31,1
4,1
21,1
130,-1
11,1
16,1
66,-1
34,-1
12,1
5,1
55,1
13,-1
28,1
419,-1
44,-1
37,1
34,1
30,1
4,1
462,1
351,-1
70,-1
199,1
453,-1
20,-1
299,-1
34,-1
46,1
184,-1
23,-1
264,-1
46,-1
28,-1
19,-1
162,1
142,-1
3,-1
35,-1
25,-1
39,-1
145,1
268,-1
34,-1
54,-1
11,1
25,1
19,1
3,1
280,1
28,1
70,1
16,1
51,1
408,1
18,-1
160,1
5,-1
131,1
42,1
21,1
447,-1
332,1
22,1
17,1
32,1
38,1
221,1
19,1
5,1
40,1
129,1
131,-1
64,-1
61,-1
6,-1
439,-1
7,-1
78,-1
31,-1
9,-1
45,-1
160,-1
52,-1
400,-1
15,-1
20,-1
24,-1
29,-1
29,-1
37,-1
42,-1
52,-1
156,1
60,-1
100,-1
15,1
25,1
22,1
19,1
80,-1
339,1
217,1
26,1
48,1
30,1
61,1
66,1
6,1
95,1
4,1
20,1
269,1
174,1
6,1
7,1
4,1
3,1
37,1
6,1
42,1
23,1
23,1
78,1
361,-1
123,1
53,1
5,1
56,1
6,1
32,1
19,1
49,-1
25,1
33,1
77,1
91,-1
503,1
115,1
580,1
3,1
11,1
4,1
84,1
223,1
109,1
296,1
27,1
340,-1
52,-1
23,-1
345,1
2,1
11,1
72,-1
31,1
368,-1
5,-1
47,-1
64,1
24,1
38,1
97,1
10,1
35,-1
457,-1
213,1
6,1
92,1
77,1
33,1
238,1
37,-1
215,1
86,-1
32,1
19,1
320,-1
7,1
4,1
46,1
27,1
25,-1
85,1
6,1
29,1
6,1
325,1
163,1
124,1
33,1
64,1
36,1
91,1
13,1
39,1
17,1
25,-1
46,-1
48,1
171,-1
4,1
430,1
55,1
14,1
212,1
372,1
63,-1
36,1
9,1
274,-1
49,1
135,1
154,1
32,1
24,-1
8,1
124,1
8,1
363,-1
32,1
29,1
52,1
144,1
220,1
6,1
90,1
53,1
237,1
6,1
58,1
45,1
100,-1
330,1
46,1
4,1
46,-1
108,1
10,1
382,1
32,1
59,1
49,-1
84,1
15,1
25,-1
289,1
18,-1
27,1
160,-1
11,1
178,1
61,1
19,1
32,1
50,-1
12,1
158,1
11,1
47,1
6,1
7,-1
29,1
471,1
161,1
432,1
5,-1
28,1
13,1
11,1
28,1
300,-1
5,1
22,1
156,1
23,1
44,1
148,1
21,1
16,-1
120,-1
23,1
15,-1
26,1
394,1
57,1
11,1
49,1
23,1
45,-1
3,1
411,1
15,1
82,1
488,1
62,1
82,1
9,1
50,-1
74,-1
6,1
33,1
24,1
6,1
216,-1
429,1
4,1
18,1
209,-1
116,1
25,1
36,1
12,-1
17,-1
10,1
44,1
6,1
101,1
87,1
23,1
321,1
126,-1
5,1
43,1
285,1
310,1
23,-1
6,1
58,1
45,1
12,1
49,1
74,1
127,1
5,1
22,1
10,1
13,1
112,1
17,1
19,1
189,1
131,1
38,1
15,1
256,1
19,1
25,1
8,1
312,1
15,1
24,1
39,-1
27,1
179,1
70,1
4,1
7,1
62,1
7,-1
515,1
20,-1
135,1
4,1
48,1
25,1
75,1
19,1
161,1
16,1
9,1
143,1
19,1
12,1
148,1
4,-1
16,-1
386,1
3,1
3,1
207,1
30,1
7,1
9,1
99,1
39,1
85,1
27,1
327,1
29,1
59,1
61,1
349,1
27,1
74,1
42,1
23,1
104,1
303,1
66,-1
34,1
308,1
18,-1
46,1
50,1
31,1
38,1
56,1
27,1
18,-1
399,1
475,1
36,-1
26,1
14,1
115,1
4,1
14,1
298,1
137,1
65,1
5,1
60,1
31,-1
232,1
79,1
368,1
66,1
15,1
38,1
28,1
3,1
2,-1
24,1
13,-1
74,1
391,1
35,1
34,1
20,1
15,1
53,1
85,1
5,1
46,1
23,1
508,1
27,1
10,1
6,1
11,1
3,1
34,-1
7,-1
43,1
368,1
7,1
320,1
62,-1
127,1
28,1
138,1
270,1
332,1
38,1
66,1
16,1
7,-1
14,1
7,1
154,-1
39,1
29,1
22,1
45,1
4,1
36,1
230,-1
3,1
5,1
70,1
156,1
51,1
29,1
9,1
27,-1
32,1
109,-1
159,-1
33,-1
4,1
322,1
49,1
70,1
198,1
44,1
12,1
355,1
12,1
374,1
570,1
74,1
456,-1
13,1
109,1
12,1
111,-1
3,1
69,1
31,1
15,1
4,-1
40,1
379,1
44,1
3,1
294,1
77,1
35,1
244,1
299,1
55,1
6,1
4,1
5,1
16,-1
240,1
362,1
4,1
25,1
448,-1
18,1
10,1
22,1
99,1
5,-1
2,1
7,1
44,1
8,1
117,-1
95,1
23,-1
297,-1
525,-1
153,1
19,1
460,-1
341,-1
29,1
102,1
16,1
6,1
9,1
213,1
23,1
3,-1
323,-1
44,1
182,1
8,1
28,1
14,-1
75,1
14,1
14,1
7,1
96,1
82,1
77,1
288,1
4,1
26,-1
26,1
6,1
16,1
214,1
69,1
224,1
32,1
242,1
5,-1
68,1
23,1
33,-1
21,1
5,1
67,-1
161,1
31,1
7,1
21,1
34,1
171,-1
30,1
4,1
164,1
46,-1
154,-1
13,1
25,1
49,1
248,1
3,1
18,1
134,-1
10,1
33,1
422,1
157,1
18,1
395,1
175,1
6,-1
5,1
373,-1
75,1
5,-1
25,-1
74,1
13,-1
10,1
572,1
188,1
8,1
70,1
29,-1
51,1
238,1
41,1
6,1
213,1
3,1
18,1
111,1
18,1
15,1
44,1
4,-1
2,1
5,1
435,1
20,1
4,1
224,1
65,1
68,1
12,-1
3,-1
446,-1
222,-1
57,-1
9,-1
41,-1
233,-1
24,-1
44,-1
158,1
20,1
11,1
100,1
39,-1
228,-1
23,-1
343,1
11,1
68,1
96,-1
7,1
4,1
41,-1
174,-1
25,1
6,1
3,-1
14,1
38,1
122,1
360,1
17,1
10,-1
16,1
20,1
39,1
45,1
39,1
114,1
4,1
6,1
35,1
224,1
311,1
9,1
126,-1
218,1
22,1
38,1
5,1
63,1
65,1
73,1
233,1
26,1
26,1
12,1
58,1
225,1
24,-1
26,1
168,-1
24,1
244,1
30,1
151,1
353,1
15,1
3,1
342,1
313,1
32,1
16,1
128,1
48,1
26,1
10,1
243,-1
234,-1
37,1
5,1
12,1
13,1
17,1
30,1
14,1
9,1
9,1
170,1
40,1
53,1
184,-1
10,1
248,1
3,-1
157,1
22,1
211,1
52,-1
279,1
40,-1
57,1
14,1
119,1
18,1
68,-1
69,-1
464,-1
7,-1
7,1
84,1
199,-1
51,-1
3,1
4,1
8,1
114,-1
186,-1
8,1
25,1
10,-1
209,1
59,1
5,1
3,1
14,1
108,1
236,1
60,1
597,-1
252,1
32,1
19,1
23,1
65,-1
223,1
25,1
541,1
24,1
5,1
132,1
66,-1
288,1
46,-1
379,1
46,-1
22,-1
37,1
118,1
11,1
137,1
371,-1
70,-1
24,1
60,1
9,1
32,1
99,-1
26,-1
16,1
572,1
155,1
28,1
11,1
39,-1
38,1
21,1
21,1
209,-1
61,1
289,1
6,1
40,-1
396,1
61,1
394,-1
293,1
54,1
99,1
3,1
6,1
6,1
23,1
36,-1
139,1
37,-1
276,1
59,-1
38,1
18,1
4,1
8,1
6,-1
27,1
216,1
37,1
7,-1
71,-1
4,1
7,1
88,1
141,1
4,1
162,1
74,1
314,1
43,1
9,1
208,1
30,1
528,1
55,1
6,1
44,1
16,1
8,1
28,1
5,1
16,1
216,1
2,1
19,1
4,1
531,1
86,1
65,1
35,1
119,-1
167,1
9,1
72,1
222,-1
18,1
8,1
96,1
26,1
92,1
51,1
24,1
26,1
29,1
4,1
14,1
20,1
31,-1
64,1
312,1
7,1
45,-1
23,1
231,1
146,1
14,1
326,1
44,1
67,1
63,1
110,1
93,1
56,1
46,1
8,1
20,1
47,1
5,1
19,1
84,1
32,1
28,1
38,1
94,1
31,1
404,1
2,1
437,1
10,1
16,1
18,1
25,-1
202,1
15,-1
142,1
61,1
3,-1
175,1
13,1
268,1
206,-1
86,1
4,1
271,-1
23,1
5,1
307,1
5,1
24,-1
21,1
27,1
61,1
157,1
73,1
100,1
19,1
14,1
30,-1
64,1
529,-1
91,1
6,1
25,1
4,1
50,1
44,1
375,1
21,1
64,1
15,1
233,1
9,1
22,1
3,-1
24,-1
19,1
65,1
69,-1
11,1
256,1
165,1
7,1
63,1
12,1
7,-1
10,1
42,1
144,1
4,1
21,1
27,1
108,1
52,1
31,1
412,1
19,-1
39,1
123,1
9,1
12,1
382,1
5,-1
236,-1
14,1
56,1
279,1
16,1
3,1
36,1
138,1
44,-1
40,1
115,1
327,1
4,1
29,-1
27,1
6,1
7,1
187,-1
14,1
6,1
30,1
51,1
5,1
104,1
403,1
301,1
186,1
49,-1
392,1
61,1
123,1
3,1
40,1
51,1
3,1
60,1
42,-1
294,-1
6,1
141,1
31,1
15,1
62,1
233,1
3,1
9,1
14,1
30,-1
4,1
164,1
17,1
37,-1
8,-1
516,-1
40,-1
229,1
34,1
51,1
32,1
73,1
139,1
17,1
90,1
30,1
30,1
534,1
45,-1
8,-1
28,1
5,-1
42,1
188,-1
24,1
13,1
66,1
105,-1
109,1
18,1
20,1
53,-1
125,1
26,1
5,1
184,1
93,1
10,1
24,1
48,1
96,1
359,1
18,1
10,1
3,1
158,1
21,1
22,1
410,-1
21,1
84,1
174,1
250,-1
18,1
10,1
171,1
92,1
447,1
112,-1
37,1
58,1
19,-1
30,1
347,1
23,1
7,1
139,-1
18,1
4,1
328,1
26,-1
42,-1
2,1
12,-1
330,-1
170,-1
28,1
26,1
192,1
57,1
49,1
16,1
15,1
10,1
5,1
500,1
82,1
95,-1
2,-1
252,1
320,1
6,-1
21,1
259,1
10,1
49,1
117,-1
5,1
47,1
26,1
8,1
3,1
7,1
184,1
5,1
30,-1
596,1
283,1
4,1
19,1
265,1
49,-1
32,-1
132,1
428,1
19,1
33,-1
115,1
7,1
13,1
19,1
10,1
11,1
71,1
9,1
211,-1
21,1
32,1
35,1
31,1
45,1
4,1
44,-1
17,1
300,1
33,1
25,-1
18,1
135,1
125,-1
25,-1
258,1
6,1
177,1
35,1
9,1
4,1
215,1
22,1
224,1
15,-1
3,1
63,1
5,-1
206,1
361,1
246,-1
122,1
154,-1
7,-1
10,1
98,1
3,1
57,-1
4,1
224,-1
11,1
79,1
20,-1
6,1
22,-1
110,1
4,1
22,1
69,-1
53,1
323,1
74,1
116,1
30,1
21,1
333,1
18,-1
122,1
3,1
168,1
5,1
14,1
154,1
69,1
54,-1
132,1
6,1
252,1
4,1
107,-1
397,1
42,1
32,-1
36,1
15,1
31,1
150,1
62,1
42,1
72,1
32,1
8,1
19,1
195,1
147,-1
5,1
16,1
99,1
12,1
9,1
6,1
31,1
235,1
11,1
33,1
144,-1
9,1
22,-1
12,1
18,1
4,1
92,1
154,1
19,1
367,1
89,-1
55,1
20,1
4,-1
96,1
6,1
108,1
11,1
67,1
16,1
45,-1
20,1
196,1
10,1
5,1
352,1
87,1
91,-1
154,-1
290,1
83,1
119,1
15,1
158,-1
25,1
13,1
33,1
13,1
81,-1
284,1
46,1
11,1
46,1
16,1
23,1
3,1
7,1
119,1
88,1
5,1
36,1
99,1
445,1
3,1
37,1
279,1
11,1
311,1
8,-1
139,1
127,1
5,1
29,-1
46,1
196,1
12,-1
39,1
240,-1
17,1
57,1
3,-1
18,-1
81,1
42,-1
19,-1
16,-1
536,-1
288,-1
376,1
138,1
275,1
7,1
14,1
99,1
16,1
40,1
113,1
15,1
144,1
18,1
354,1
177,1
4,1
75,-1
91,1
136,1
4,1
13,1
31,1
63,1
313,-1
5,1
119,-1
31,-1
10,1
8,-1
17,-1
10,-1
173,1
75,1
83,1
29,1
16,-1
3,1
16,-1
29,-1
113,1
40,1
24,1
114,1
53,1
122,-1
45,1
14,1
158,1
21,1
74,-1
485,1
399,1
173,1
51,-1
290,1
297,1
62,1
29,1
396,1
42,1
5,-1
24,1
17,-1
5,1
57,1
31,1
97,1
472,-1
16,1
26,1
22,1
23,1
31,-1
43,1
2,1
83,1
5,1
67,1
166,1
3,-1
127,1
13,-1
101,1
314,-1
42,-1
23,-1
24,-1
117,-1
127,-1
15,-1
20,-1
4,1
32,1
9,-1
50,-1
5,-1
256,-1
22,-1
36,-1
5,-1
3,-1
336,1
13,-1
92,-1
20,1
294,-1
14,-1
132,1
11,1
352,1
8,1
149,1
22,1
40,1
21,-1
34,1
5,1
34,1
10,1
7,1
113,1
27,1
9,1
73,1
83,1
181,1
11,1
180,1
28,1
58,-1
10,1
128,-1
31,1
6,-1
16,1
47,1
11,1
57,-1
266,-1
15,1
302,1
19,-1
26,-1
101,1
32,-1
54,1
21,-1
184,1
7,1
471,-1
182,-1
103,1
112,1
105,1
60,1
83,1
147,-1
6,1
149,1
408,1
14,1
79,1
226,1
10,1
6,1
28,1
34,1
54,1
295,1
18,-1
34,-1
15,1
5,1
350,1
21,1
24,1
7,1
132,1
20,1
16,1
31,1
5,1
69,-1
72,1
87,-1
97,1
460,-1
131,1
17,1
73,-1
37,-1
5,-1
28,-1
13,-1
8,1
10,1
35,-1
31,1
59,-1
47,-1
189,1
51,-1
366,1
22,-1
196,1
107,-1
45,1
4,-1
596,1
8,1
532,1
17,1
392,1
15,1
122,-1
68,1
7,1
327,-1
2,1
33,1
406,1
152,1
37,-1
50,1
296,1
3,1
137,1
67,-1
121,1
147,1
290,1
77,-1
147,1
205,1
35,1
6,1
113,-1
16,1
8,-1
150,1
19,-1
10,1
276,-1
18,1
75,1
13,1
45,-1
3,1
4,1
134,1
13,1
586,-1
63,1
187,1
62,-1
18,1
7,1
99,1
57,1
118,-1
17,-1
77,1
28,-1
12,1
3,1
108,1
20,1
39,1
175,1
45,1
27,-1
64,-1
24,1
77,-1
25,1
385,-1
160,-1
321,1
5,-1
3,-1
74,1
27,-1
52,1
10,1
41,1
77,1
407,1
155,1
315,1
41,1
6,1
4,1
32,1
430,1
150,1
229,-1
22,-1
26,1
76,1
88,1
266,1
11,1
82,1
7,1
26,-1
440,-1
26,1
39,1
165,1
61,-1
342,1
64,-1
406,-1
33,-1
11,1
217,1
121,1
94,1
142,1
37,-1
4,1
307,1
90,-1
38,-1
18,1
185,-1
15,1
5,1
54,1
10,1
240,-1
71,-1
58,1
11,-1
4,1
150,1
49,-1
75,1
41,1
199,-1
316,1
561,-1
16,1
167,1
50,-1
307,-1
17,-1
8,1
96,1
119,-1
112,1
53,-1
335,1
66,1
99,1
111,1
162,-1
247,-1
3,1
172,1
49,1
47,-1
11,1
144,1
80,1
33,1
548,1
9,1
18,1
224,1
67,1
11,1
5,1
169,1
239,1
17,-1
3,1
38,1
19,1
102,1
5,-1
73,-1
225,-1
23,1
15,-1
230,-1
2,1
61,-1
3,1
131,1
282,-1
47,1
15,1
550,1
19,-1
29,1
128,1
9,-1
10,1
187,1
12,1
54,1
3,1
6,1
15,-1
288,1
49,1
377,-1
4,1
183,1
20,-1
29,1
30,-1
37,1
6,-1
47,1
51,-1
47,1
129,1
92,1
42,1
38,1
3,1
70,-1
95,-1
27,1
57,-1
13,-1
353,-1
82,1
33,1
13,1
51,-1
92,1
215,1
169,1
90,1
15,1
389,1
6,-1
95,-1
4,1
87,1
253,1
49,-1
5,1
22,1
41,-1
3,1
5,1
30,-1
5,1
38,-1
23,1
11,1
16,1
378,1
8,-1
313,1
158,1
32,1
28,1
123,1
74,-1
5,1
191,-1
12,1
54,1
447,-1
26,1
81,1
175,1
2,1
251,1
104,-1
13,1
65,1
22,1
18,1
112,1
60,1
23,1
31,1
8,1
23,1
6,1
138,1
5,1
49,-1
112,1
20,-1
19,1
34,-1
4,1
20,1
5,-1
33,1
361,1
91,-1
42,1
119,1
135,1
20,1
12,1
89,1
79,1
65,1
39,-1
24,1
5,1
10,1
195,-1
105,1
6,1
4,1
303,1
4,1
186,1
8,1
9,1
85,1
270,1
326,1
22,1
12,1
153,1
52,1
22,1
6,1
8,1
29,1
4,1
225,1
6,1
22,1
51,-1
43,1
193,-1
43,1
32,1
16,1
178,-1
40,1
118,-1
402,1
4,1
17,1
246,-1
21,1
46,1
225,1
59,1
39,-1
59,1
3,-1
37,1
339,-1
18,-1
4,1
181,1
3,1
345,1
184,1
316,-1
8,1
47,1
123,-1
30,1
19,1
36,1
6,-1
156,1
68,1
5,1
152,1
165,1
35,1
93,-1
269,1
101,-1
127,1
430,-1
289,1
37,1
50,1
3,1
360,1
14,1
6,1
68,1
49,-1
12,1
59,1
352,1
61,1
25,-1
125,1
20,1
3,1
36,-1
245,-1
50,1
4,1
8,1
14,-1
7,-1
205,1
4,1
127,1
39,1
6,1
73,1
52,1
129,1
308,1
11,1
75,1
3,1
38,1
61,1
161,-1
37,-1
110,1
22,1
22,1
173,1
176,-1
3,1
279,-1
154,1
93,-1
3,1
46,1
346,-1
14,1
236,1
4,1
6,1
30,-1
46,1
188,1
256,-1
12,1
20,1
6,1
205,1
2,1
25,1
133,1
181,1
38,1
11,1
31,-1
18,1
235,1
36,1
33,1
99,1
16,1
36,1
181,1
13,-1
230,1
383,-1
51,1
12,1
32,1
135,1
216,1
376,-1
77,-1
197,-1
19,1
31,-1
147,1
3,1
13,1
5,1
21,1
59,1
163,-1
308,1
11,1
301,1
129,1
58,-1
5,1
166,1
155,-1
27,1
12,1
3,-1
93,1
4,1
38,-1
279,1
126,1
35,1
168,1
16,1
14,1
61,1
295,1
10,1
222,-1
280,1
14,1
160,1
14,1
52,1
41,-1
6,1
8,1
6,1
201,1
9,1
22,1
33,1
13,1
312,-1
57,-1
70,-1
95,1
47,-1
63,1
407,1
26,1
75,1
78,1
312,1
108,-1
150,-1
49,1
20,1
4,1
12,-1
3,1
56,1
4,1
11,1
281,-1
23,1
21,-1
5,1
59,1
19,-1
505,1
31,-1
33,1
28,1
48,1
17,1
5,1
71,-1
122,1
115,1
43,-1
57,1
23,1
4,1
23,1
10,1
13,1
23,1
34,1
260,-1
157,1
179,1
324,1
25,1
4,1
3,-1
437,1
122,-1
5,1
23,1
184,1
122,1
28,1
47,-1
79,1
5,1
4,1
327,1
159,1
236,1
37,1
19,1
12,1
98,1
41,-1
185,1
491,1
22,-1
34,1
447,-1
117,1
92,1
37,1
25,1
15,1
274,1
13,1
126,1
3,-1
7,1
226,1
16,1
5,1
31,1
27,1
23,-1
281,-1
50,1
486,-1
35,-1
52,-1
293,1
161,-1
302,1
159,1
19,1
37,1
11,1
42,1
251,1
12,-1
6,1
39,1
3,-1
28,1
11,1
14,1
40,1
318,1
82,1
50,-1
18,-1
45,1
75,1
173,-1
7,-1
12,1
199,1
29,1
22,1
70,-1
18,1
27,1
461,1
7,1
8,1
19,1
18,-1
23,1
4,1
46,1
85,-1
68,-1
45,-1
5,1
97,1
74,1
19,1
143,-1
7,1
139,1
49,1
13,1
24,1
20,1
427,1
10,1
3,1
29,1
17,1
36,1
391,1
12,-1
29,1
45,1
5,1
45,1
146,1
119,1
84,-1
129,1
29,-1
13,1
148,1
20,1
81,1
33,-1
7,1
352,-1
25,-1
51,1
6,1
404,1
290,1
105,1
24,1
11,1
201,1
27,1
15,-1
122,1
10,1
377,-1
131,-1
21,1
43,-1
52,1
4,-1
42,-1
19,-1
7,1
36,1
220,1
38,1
91,-1
4,1
3,-1
14,-1
37,1
18,-1
225,1
373,1
82,1
97,1
57,1
2,1
79,1
297,1
13,1
22,1
25,1
27,-1
5,1
558,1
30,1
97,-1
17,1
302,-1
46,1
16,1
383,1
79,1
111,1
374,1
13,-1
262,-1
18,1
209,1
9,-1
170,1
37,-1
3,1
87,-1
162,1
8,1
7,1
49,-1
171,1
3,1
337,-1
6,1
170,1
7,-1
27,1
6,1
16,1
16,1
73,1
52,1
17,-1
5,1
3,1
148,-1
20,1
162,-1
438,1
18,1
78,1
152,1
27,1
13,1
589,-1
15,1
41,1
4,1
35,-1
3,1
71,1
3,1
23,1
51,1
144,1
26,1
6,1
5,1
299,-1
133,-1
6,1
17,1
35,1
51,-1
32,1
5,1
270,1
34,1
9,1
65,1
228,1
177,1
3,-1
38,-1
78,1
15,1
240,1
335,1
204,1
18,1
73,1
51,-1
347,-1
22,1
152,-1
35,-1
